Index,O,N,B,S,P,Specific surface area,Pore volume,Rmic/mes,ID/IG,Electrolyte,Current collector,Active mass loading,Potential window,Current density,target
29.0,17.66,3.01,0.0,1.12,0.0,508.0,0.34,0.099,0.86,1M Zn(CF3SO3)2,stainless-steel mesh,2.5,1.8,0.1,69.1
30.0,17.66,3.01,0.0,1.12,0.0,508.0,0.34,0.099,0.86,1M Zn(CF3SO3)2,stainless-steel mesh,2.5,1.8,0.25,60.1
31.0,17.66,3.01,0.0,1.12,0.0,508.0,0.34,0.099,0.86,1M Zn(CF3SO3)2,stainless-steel mesh,2.5,1.8,0.5,56.4
32.0,17.66,3.01,0.0,1.12,0.0,508.0,0.34,0.099,0.86,1M Zn(CF3SO3)2,stainless-steel mesh,2.5,1.8,1.0,47.4
33.0,17.66,3.01,0.0,1.12,0.0,508.0,0.34,0.099,0.86,1M Zn(CF3SO3)2,stainless-steel mesh,2.5,1.8,2.0,40.9
34.0,17.66,3.01,0.0,1.12,0.0,508.0,0.34,0.099,0.86,1M Zn(CF3SO3)2,stainless-steel mesh,2.5,1.8,5.0,34.2
35.0,17.66,3.01,0.0,1.12,0.0,508.0,0.34,0.099,0.86,1M Zn(CF3SO3)2,stainless-steel mesh,2.5,1.8,10.0,19.8
36.0,17.66,3.01,0.0,1.12,0.0,508.0,0.34,0.099,0.86,1M Zn(CF3SO3)2,stainless-steel mesh,2.5,1.8,20.0,9.5
37.0,16.08,2.82,0.0,1.78,0.0,1384.7,0.97,0.17,0.89,1M Zn(CF3SO3)2,stainless-steel mesh,2.5,1.8,0.1,136.3
38.0,16.08,2.82,0.0,1.78,0.0,1384.7,0.97,0.17,0.89,1M Zn(CF3SO3)2,stainless-steel mesh,2.5,1.8,0.25,126.4
39.0,16.08,2.82,0.0,1.78,0.0,1384.7,0.97,0.17,0.89,1M Zn(CF3SO3)2,stainless-steel mesh,2.5,1.8,0.5,120.3
40.0,16.08,2.82,0.0,1.78,0.0,1384.7,0.97,0.17,0.89,1M Zn(CF3SO3)2,stainless-steel mesh,2.5,1.8,1.0,112.6
41.0,16.08,2.82,0.0,1.78,0.0,1384.7,0.97,0.17,0.89,1M Zn(CF3SO3)2,stainless-steel mesh,2.5,1.8,2.0,108.4
42.0,16.08,2.82,0.0,1.78,0.0,1384.7,0.97,0.17,0.89,1M Zn(CF3SO3)2,stainless-steel mesh,2.5,1.8,5.0,100.4
43.0,16.08,2.82,0.0,1.78,0.0,1384.7,0.97,0.17,0.89,1M Zn(CF3SO3)2,stainless-steel mesh,2.5,1.8,10.0,94.5
44.0,16.08,2.82,0.0,1.78,0.0,1384.7,0.97,0.17,0.89,1M Zn(CF3SO3)2,stainless-steel mesh,2.5,1.8,20.0,86.5
53.0,8.2,5.3,0.0,0.0,0.0,879.0,0.447,1.54,2.27,2M ZnSO4,stainless-steel foil,1.0,1.6,0.1,136.8
54.0,8.2,5.3,0.0,0.0,0.0,879.0,0.447,1.54,2.27,2M ZnSO4,stainless-steel foil,1.0,1.6,0.5,110.9
55.0,8.2,5.3,0.0,0.0,0.0,879.0,0.447,1.54,2.27,2M ZnSO4,stainless-steel foil,1.0,1.6,1.0,102.6
56.0,8.2,5.3,0.0,0.0,0.0,879.0,0.447,1.54,2.27,2M ZnSO4,stainless-steel foil,1.0,1.6,5.0,76.1
57.0,8.2,5.3,0.0,0.0,0.0,879.0,0.447,1.54,2.27,2M ZnSO4,stainless-steel foil,1.0,1.6,10.0,66.5
58.0,5.68,1.49,0.0,0.0,0.0,1640.1,1.41,0.489,0.95,2M ZnSO4,Nickel foam,2.0,1.6,0.05,109.66
59.0,5.68,1.49,0.0,0.0,0.0,1640.1,1.41,0.489,0.95,2M ZnSO4,Nickel foam,2.0,1.6,0.1,93.3
60.0,5.68,1.49,0.0,0.0,0.0,1640.1,1.41,0.489,0.95,2M ZnSO4,Nickel foam,2.0,1.6,0.2,84.6
61.0,5.68,1.49,0.0,0.0,0.0,1640.1,1.41,0.489,0.95,2M ZnSO4,Nickel foam,2.0,1.6,0.3,81.0
62.0,5.68,1.49,0.0,0.0,0.0,1640.1,1.41,0.489,0.95,2M ZnSO4,Nickel foam,2.0,1.6,0.5,76.3
63.0,5.68,1.49,0.0,0.0,0.0,1640.1,1.41,0.489,0.95,2M ZnSO4,Nickel foam,2.0,1.6,1.0,71.6
64.0,5.68,1.49,0.0,0.0,0.0,1640.1,1.41,0.489,0.95,2M ZnSO4,Nickel foam,2.0,1.6,2.0,67.6
65.0,5.68,1.49,0.0,0.0,0.0,1640.1,1.41,0.489,0.95,2M ZnSO4,Nickel foam,2.0,1.6,3.0,65.1
66.0,5.68,1.49,0.0,0.0,0.0,1640.1,1.41,0.489,0.95,2M ZnSO4,Nickel foam,2.0,1.6,5.0,62.4
67.0,5.68,1.49,0.0,0.0,0.0,1640.1,1.41,0.489,0.95,2M ZnSO4,Nickel foam,2.0,1.6,10.0,59.5
68.0,5.68,1.49,0.0,0.0,0.0,1640.1,1.41,0.489,0.95,2M ZnSO4,Nickel foam,2.0,1.6,15.0,58.4
69.0,5.68,1.49,0.0,0.0,0.0,1640.1,1.41,0.489,0.95,2M ZnSO4,Nickel foam,2.0,1.6,20.0,57.1
70.0,11.5,6.7,0.0,0.0,0.0,642.0,1.03,0.17,0.964,1M ZnSO4,stainless-steel mesh,2.0,1.6,0.1,133.7
71.0,11.5,6.7,0.0,0.0,0.0,642.0,1.03,0.17,0.964,1M ZnSO4,stainless-steel mesh,2.0,1.6,0.2,102.5
72.0,11.5,6.7,0.0,0.0,0.0,642.0,1.03,0.17,0.964,1M ZnSO4,stainless-steel mesh,2.0,1.6,0.5,84.3
73.0,11.5,6.7,0.0,0.0,0.0,642.0,1.03,0.17,0.964,1M ZnSO4,stainless-steel mesh,2.0,1.6,1.0,75.0
74.0,11.5,6.7,0.0,0.0,0.0,642.0,1.03,0.17,0.964,1M ZnSO4,stainless-steel mesh,2.0,1.6,2.0,69.1
75.0,11.5,6.7,0.0,0.0,0.0,642.0,1.03,0.17,0.964,1M ZnSO4,stainless-steel mesh,2.0,1.6,5.0,61.7
76.0,11.5,6.7,0.0,0.0,0.0,642.0,1.03,0.17,0.964,1M ZnSO4,stainless-steel mesh,2.0,1.6,10.0,56.6
77.0,11.5,6.7,0.0,0.0,0.0,642.0,1.03,0.17,0.964,1M ZnSO4,stainless-steel mesh,2.0,1.6,20.0,51.9
78.0,11.5,6.7,0.0,0.0,0.0,642.0,1.03,0.17,0.964,1M ZnSO4,stainless-steel mesh,2.0,1.6,50.0,45.6
81.0,14.9,3.1,0.0,0.0,0.0,620.0,0.86,0.178,0.962,1M ZnSO4,stainless-steel mesh,2.0,1.6,0.1,104.4
82.0,14.9,3.1,0.0,0.0,0.0,620.0,0.86,0.178,0.962,1M ZnSO4,stainless-steel mesh,2.0,1.6,0.2,83.0
83.0,14.9,3.1,0.0,0.0,0.0,620.0,0.86,0.178,0.962,1M ZnSO4,stainless-steel mesh,2.0,1.6,0.5,69.7
84.0,14.9,3.1,0.0,0.0,0.0,620.0,0.86,0.178,0.962,1M ZnSO4,stainless-steel mesh,2.0,1.6,1.0,61.7
85.0,14.9,3.1,0.0,0.0,0.0,620.0,0.86,0.178,0.962,1M ZnSO4,stainless-steel mesh,2.0,1.6,2.0,56.0
86.0,14.9,3.1,0.0,0.0,0.0,620.0,0.86,0.178,0.962,1M ZnSO4,stainless-steel mesh,2.0,1.6,5.0,50.4
87.0,14.9,3.1,0.0,0.0,0.0,620.0,0.86,0.178,0.962,1M ZnSO4,stainless-steel mesh,2.0,1.6,10.0,46.6
88.0,14.9,3.1,0.0,0.0,0.0,620.0,0.86,0.178,0.962,1M ZnSO4,stainless-steel mesh,2.0,1.6,20.0,43.7
89.0,14.9,3.1,0.0,0.0,0.0,620.0,0.86,0.178,0.962,1M ZnSO4,stainless-steel mesh,2.0,1.6,50.0,39.1
92.0,11.2,4.2,0.0,0.0,0.0,697.0,0.83,0.277,0.958,1M ZnSO4,stainless-steel mesh,2.0,1.6,0.1,92.4
93.0,11.2,4.2,0.0,0.0,0.0,697.0,0.83,0.277,0.958,1M ZnSO4,stainless-steel mesh,2.0,1.6,0.2,73.1
94.0,11.2,4.2,0.0,0.0,0.0,697.0,0.83,0.277,0.958,1M ZnSO4,stainless-steel mesh,2.0,1.6,0.5,62.4
95.0,11.2,4.2,0.0,0.0,0.0,697.0,0.83,0.277,0.958,1M ZnSO4,stainless-steel mesh,2.0,1.6,1.0,56.0
96.0,11.2,4.2,0.0,0.0,0.0,697.0,0.83,0.277,0.958,1M ZnSO4,stainless-steel mesh,2.0,1.6,2.0,51.3
97.0,11.2,4.2,0.0,0.0,0.0,697.0,0.83,0.277,0.958,1M ZnSO4,stainless-steel mesh,2.0,1.6,5.0,45.7
98.0,11.2,4.2,0.0,0.0,0.0,697.0,0.83,0.277,0.958,1M ZnSO4,stainless-steel mesh,2.0,1.6,10.0,42.3
99.0,11.2,4.2,0.0,0.0,0.0,697.0,0.83,0.277,0.958,1M ZnSO4,stainless-steel mesh,2.0,1.6,20.0,38.9
100.0,11.2,4.2,0.0,0.0,0.0,697.0,0.83,0.277,0.958,1M ZnSO4,stainless-steel mesh,2.0,1.6,50.0,33.3
103.0,12.04,8.29,0.0,0.0,0.0,1530.9,0.96,0.627,0.86,1M Zn(CF3SO3)2,freestanding,2.4,1.6,0.1,204.7
104.0,12.04,8.29,0.0,0.0,0.0,1530.9,0.96,0.627,0.86,1M Zn(CF3SO3)2,freestanding,2.4,1.6,0.2,181.5
105.0,12.04,8.29,0.0,0.0,0.0,1530.9,0.96,0.627,0.86,1M Zn(CF3SO3)2,freestanding,2.4,1.6,0.5,165.9
106.0,12.04,8.29,0.0,0.0,0.0,1530.9,0.96,0.627,0.86,1M Zn(CF3SO3)2,freestanding,2.4,1.6,1.0,152.7
107.0,12.04,8.29,0.0,0.0,0.0,1530.9,0.96,0.627,0.86,1M Zn(CF3SO3)2,freestanding,2.4,1.6,2.0,141.1
108.0,12.04,8.29,0.0,0.0,0.0,1530.9,0.96,0.627,0.86,1M Zn(CF3SO3)2,freestanding,2.4,1.6,5.0,134.2
109.0,12.04,8.29,0.0,0.0,0.0,1530.9,0.96,0.627,0.86,1M Zn(CF3SO3)2,freestanding,2.4,1.6,10.0,128.6
117.0,20.61,3.95,0.0,0.0,0.0,544.83,0.26,4.783,0.96,2M ZnSO4,Titanium foil,2.0,1.8,0.1,134.5
118.0,20.61,3.95,0.0,0.0,0.0,544.83,0.26,4.783,0.96,2M ZnSO4,Titanium foil,2.0,1.8,0.2,110.2
119.0,20.61,3.95,0.0,0.0,0.0,544.83,0.26,4.783,0.96,2M ZnSO4,Titanium foil,2.0,1.8,0.4,93.0
120.0,20.61,3.95,0.0,0.0,0.0,544.83,0.26,4.783,0.96,2M ZnSO4,Titanium foil,2.0,1.8,0.5,86.7
121.0,20.61,3.95,0.0,0.0,0.0,544.83,0.26,4.783,0.96,2M ZnSO4,Titanium foil,2.0,1.8,1.0,72.9
122.0,20.61,3.95,0.0,0.0,0.0,544.83,0.26,4.783,0.96,2M ZnSO4,Titanium foil,2.0,1.8,2.0,57.0
123.0,20.61,3.95,0.0,0.0,0.0,544.83,0.26,4.783,0.96,2M ZnSO4,Titanium foil,2.0,1.8,3.0,48.0
124.0,20.61,3.95,0.0,0.0,0.0,544.83,0.26,4.783,0.96,2M ZnSO4,Titanium foil,2.0,1.8,4.0,41.5
125.0,18.15,3.51,0.0,0.0,0.0,648.22,0.32,4.516,1.01,2M ZnSO4,Titanium foil,2.0,1.8,0.1,156.54
126.0,18.15,3.51,0.0,0.0,0.0,648.22,0.32,4.516,1.01,2M ZnSO4,Titanium foil,2.0,1.8,0.2,132.3
127.0,18.15,3.51,0.0,0.0,0.0,648.22,0.32,4.516,1.01,2M ZnSO4,Titanium foil,2.0,1.8,0.3,111.55
128.0,18.15,3.51,0.0,0.0,0.0,648.22,0.32,4.516,1.01,2M ZnSO4,Titanium foil,2.0,1.8,0.4,105.4
129.0,18.15,3.51,0.0,0.0,0.0,648.22,0.32,4.516,1.01,2M ZnSO4,Titanium foil,2.0,1.8,0.5,98.5
130.0,18.15,3.51,0.0,0.0,0.0,648.22,0.32,4.516,1.01,2M ZnSO4,Titanium foil,2.0,1.8,1.0,86.8
131.0,18.15,3.51,0.0,0.0,0.0,648.22,0.32,4.516,1.01,2M ZnSO4,Titanium foil,2.0,1.8,2.0,70.5
132.0,18.15,3.51,0.0,0.0,0.0,648.22,0.32,4.516,1.01,2M ZnSO4,Titanium foil,2.0,1.8,3.0,59.2
133.0,18.15,3.51,0.0,0.0,0.0,648.22,0.32,4.516,1.01,2M ZnSO4,Titanium foil,2.0,1.8,4.0,51.8
142.0,11.92,0.0,0.0,0.0,0.0,2228.0,1.07,1.488,1.5,1M ZnSO4,stainless-steel foil,2.0,1.75,0.2,153.0
143.0,11.92,0.0,0.0,0.0,0.0,2228.0,1.07,1.488,1.5,1M ZnSO4,stainless-steel foil,2.0,1.75,0.5,125.0
144.0,11.92,0.0,0.0,0.0,0.0,2228.0,1.07,1.488,1.5,1M ZnSO4,stainless-steel foil,2.0,1.75,1.0,110.0
145.0,11.92,0.0,0.0,0.0,0.0,2228.0,1.07,1.488,1.5,1M ZnSO4,stainless-steel foil,2.0,1.75,2.0,98.0
146.0,11.92,0.0,0.0,0.0,0.0,2228.0,1.07,1.488,1.5,1M ZnSO4,stainless-steel foil,2.0,1.75,5.0,84.0
147.0,11.92,0.0,0.0,0.0,0.0,2228.0,1.07,1.488,1.5,1M ZnSO4,stainless-steel foil,2.0,1.75,10.0,75.0
148.0,5.5,2.53,0.0,0.0,0.0,947.0,0.54,1.0,0.855,1M ZnSO4,stainless-steel foil,1.5,1.6,0.5,117.9
149.0,5.5,2.53,0.0,0.0,0.0,947.0,0.54,1.0,0.855,1M ZnSO4,stainless-steel foil,1.5,1.6,20.0,71.0
152.0,10.41,2.37,0.0,0.0,2.1,899.0,0.52,0.576,0.856,1M ZnSO4,stainless-steel foil,1.5,1.6,0.5,165.9
153.0,10.41,2.37,0.0,0.0,2.1,899.0,0.52,0.576,0.856,1M ZnSO4,stainless-steel foil,1.5,1.6,20.0,110.9
177.0,9.64,3.44,0.0,0.0,0.0,1624.0,0.918,1.878,0.999,1M ZnSO4,stainless-steel mesh,2.0,1.6,0.1,119.9
178.0,9.64,3.44,0.0,0.0,0.0,1624.0,0.918,1.878,0.999,1M ZnSO4,stainless-steel mesh,2.0,1.6,0.2,108.3
179.0,9.64,3.44,0.0,0.0,0.0,1624.0,0.918,1.878,0.999,1M ZnSO4,stainless-steel mesh,2.0,1.6,0.5,100.2
180.0,9.64,3.44,0.0,0.0,0.0,1624.0,0.918,1.878,0.999,1M ZnSO4,stainless-steel mesh,2.0,1.6,1.0,94.6
181.0,9.64,3.44,0.0,0.0,0.0,1624.0,0.918,1.878,0.999,1M ZnSO4,stainless-steel mesh,2.0,1.6,2.0,90.4
182.0,9.64,3.44,0.0,0.0,0.0,1624.0,0.918,1.878,0.999,1M ZnSO4,stainless-steel mesh,2.0,1.6,5.0,84.8
183.0,9.64,3.44,0.0,0.0,0.0,1624.0,0.918,1.878,0.999,1M ZnSO4,stainless-steel mesh,2.0,1.6,20.0,81.1
184.0,8.42,1.64,0.0,0.0,0.0,1949.0,1.133,0.845,0.917,1M ZnSO4,stainless-steel mesh,2.0,1.6,0.1,159.9
185.0,8.42,1.64,0.0,0.0,0.0,1949.0,1.133,0.845,0.917,1M ZnSO4,stainless-steel mesh,2.0,1.6,0.2,139.2
186.0,8.42,1.64,0.0,0.0,0.0,1949.0,1.133,0.845,0.917,1M ZnSO4,stainless-steel mesh,10.0,1.6,0.5,124.8
187.0,8.42,1.64,0.0,0.0,0.0,1949.0,1.133,0.845,0.917,1M ZnSO4,stainless-steel mesh,10.0,1.6,1.0,116.0
188.0,8.42,1.64,0.0,0.0,0.0,1949.0,1.133,0.845,0.917,1M ZnSO4,stainless-steel mesh,10.0,1.6,2.0,109.9
189.0,8.42,1.64,0.0,0.0,0.0,1949.0,1.133,0.845,0.917,1M ZnSO4,stainless-steel mesh,10.0,1.6,5.0,101.9
190.0,8.42,1.64,0.0,0.0,0.0,1949.0,1.133,0.845,0.917,1M ZnSO4,stainless-steel mesh,10.0,1.6,20.0,94.0
191.0,5.52,0.89,0.0,0.0,0.0,2276.0,1.331,0.265,0.872,1M ZnSO4,stainless-steel mesh,2.0,1.6,0.1,114.2
192.0,5.52,0.89,0.0,0.0,0.0,2276.0,1.331,0.265,0.872,1M ZnSO4,stainless-steel mesh,2.0,1.6,0.2,104.8
193.0,5.52,0.89,0.0,0.0,0.0,2276.0,1.331,0.265,0.872,1M ZnSO4,stainless-steel mesh,2.0,1.6,0.5,95.6
194.0,5.52,0.89,0.0,0.0,0.0,2276.0,1.331,0.265,0.872,1M ZnSO4,stainless-steel mesh,2.0,1.6,1.0,90.0
195.0,5.52,0.89,0.0,0.0,0.0,2276.0,1.331,0.265,0.872,1M ZnSO4,stainless-steel mesh,2.0,1.6,2.0,86.8
196.0,5.52,0.89,0.0,0.0,0.0,2276.0,1.331,0.265,0.872,1M ZnSO4,stainless-steel mesh,2.0,1.6,5.0,82.4
197.0,5.52,0.89,0.0,0.0,0.0,2276.0,1.331,0.265,0.872,1M ZnSO4,stainless-steel mesh,2.0,1.6,20.0,78.5
198.0,7.71,0.0,0.0,0.0,0.0,500.0,0.315,1.645,0.97,1M ZnSO4,stainless-steel mesh,1.2,1.6,0.5,48.3
199.0,7.71,0.0,0.0,0.0,0.0,500.0,0.315,1.645,0.97,1M ZnSO4,stainless-steel mesh,1.2,1.6,1.0,43.4
200.0,7.71,0.0,0.0,0.0,0.0,500.0,0.315,1.645,0.97,1M ZnSO4,stainless-steel mesh,1.2,1.6,2.0,38.9
201.0,7.71,0.0,0.0,0.0,0.0,500.0,0.315,1.645,0.97,1M ZnSO4,stainless-steel mesh,1.2,1.6,3.0,36.5
202.0,7.71,0.0,0.0,0.0,0.0,500.0,0.315,1.645,0.97,1M ZnSO4,stainless-steel mesh,1.2,1.6,4.0,34.8
203.0,7.71,0.0,0.0,0.0,0.0,500.0,0.315,1.645,0.97,1M ZnSO4,stainless-steel mesh,1.2,1.6,5.0,33.2
204.0,7.71,0.0,0.0,0.0,0.0,500.0,0.315,1.645,0.97,1M ZnSO4,stainless-steel mesh,1.2,1.6,7.0,30.2
205.0,7.71,0.0,0.0,0.0,0.0,500.0,0.315,1.645,0.97,1M ZnSO4,stainless-steel mesh,1.2,1.6,10.0,26.7
206.0,7.71,0.0,0.0,0.0,0.0,500.0,0.315,1.645,0.97,1M ZnSO4,stainless-steel mesh,1.2,1.6,15.0,24.7
207.0,7.71,0.0,0.0,0.0,0.0,500.0,0.315,1.645,0.97,1M ZnSO4,stainless-steel mesh,1.2,1.6,20.0,21.6
208.0,8.06,0.0,0.0,0.0,0.0,1020.0,0.721,1.36,1.1,1M ZnSO4,stainless-steel mesh,1.2,1.6,0.5,177.7
209.0,8.06,0.0,0.0,0.0,0.0,1020.0,0.721,1.36,1.1,1M ZnSO4,stainless-steel mesh,1.2,1.6,1.0,148.5
210.0,8.06,0.0,0.0,0.0,0.0,1020.0,0.721,1.36,1.1,1M ZnSO4,stainless-steel mesh,1.2,1.6,2.0,135.5
211.0,8.06,0.0,0.0,0.0,0.0,1020.0,0.721,1.36,1.1,1M ZnSO4,stainless-steel mesh,1.2,1.6,3.0,127.9
212.0,8.06,0.0,0.0,0.0,0.0,1020.0,0.721,1.36,1.1,1M ZnSO4,stainless-steel mesh,1.2,1.6,4.0,122.1
213.0,8.06,0.0,0.0,0.0,0.0,1020.0,0.721,1.36,1.1,1M ZnSO4,stainless-steel mesh,1.2,1.6,5.0,117.0
214.0,8.06,0.0,0.0,0.0,0.0,1020.0,0.721,1.36,1.1,1M ZnSO4,stainless-steel mesh,1.2,1.6,7.0,107.5
215.0,8.06,0.0,0.0,0.0,0.0,1020.0,0.721,1.36,1.1,1M ZnSO4,stainless-steel mesh,1.2,1.6,10.0,102.9
216.0,8.06,0.0,0.0,0.0,0.0,1020.0,0.721,1.36,1.1,1M ZnSO4,stainless-steel mesh,1.2,1.6,15.0,91.3
217.0,8.06,0.0,0.0,0.0,0.0,1020.0,0.721,1.36,1.1,1M ZnSO4,stainless-steel mesh,1.2,1.6,20.0,85.5
218.0,9.3,0.0,0.0,0.0,0.0,950.0,0.784,1.143,1.18,1M ZnSO4,stainless-steel mesh,1.2,1.6,0.5,108.2
219.0,9.3,0.0,0.0,0.0,0.0,950.0,0.784,1.143,1.18,1M ZnSO4,stainless-steel mesh,1.2,1.6,1.0,96.6
220.0,9.3,0.0,0.0,0.0,0.0,950.0,0.784,1.143,1.18,1M ZnSO4,stainless-steel mesh,1.2,1.6,2.0,86.9
221.0,9.3,0.0,0.0,0.0,0.0,950.0,0.784,1.143,1.18,1M ZnSO4,stainless-steel mesh,1.2,1.6,3.0,82.0
222.0,9.3,0.0,0.0,0.0,0.0,950.0,0.784,1.143,1.18,1M ZnSO4,stainless-steel mesh,1.2,1.6,4.0,78.7
223.0,9.3,0.0,0.0,0.0,0.0,950.0,0.784,1.143,1.18,1M ZnSO4,stainless-steel mesh,1.2,1.6,5.0,75.2
224.0,9.3,0.0,0.0,0.0,0.0,950.0,0.784,1.143,1.18,1M ZnSO4,stainless-steel mesh,1.2,1.6,7.0,72.0
225.0,9.3,0.0,0.0,0.0,0.0,950.0,0.784,1.143,1.18,1M ZnSO4,stainless-steel mesh,1.2,1.6,10.0,67.1
226.0,9.3,0.0,0.0,0.0,0.0,950.0,0.784,1.143,1.18,1M ZnSO4,stainless-steel mesh,1.2,1.6,15.0,60.5
227.0,9.3,0.0,0.0,0.0,0.0,950.0,0.784,1.143,1.18,1M ZnSO4,stainless-steel mesh,1.2,1.6,20.0,57.0
237.0,6.99,1.59,0.0,0.0,0.0,2465.9,1.29,1.115,0.912,2M ZnSO4,nickel foam,2.0,1.8,0.05,108.5
238.0,6.99,1.59,0.0,0.0,0.0,2465.9,1.29,1.115,0.912,2M ZnSO4,nickel foam,2.0,1.8,0.1,85.9
239.0,6.99,1.59,0.0,0.0,0.0,2465.9,1.29,1.115,0.912,2M ZnSO4,nickel foam,2.0,1.8,0.2,73.1
240.0,6.99,1.59,0.0,0.0,0.0,2465.9,1.29,1.115,0.912,2M ZnSO4,nickel foam,2.0,1.8,0.3,68.7
241.0,6.99,1.59,0.0,0.0,0.0,2465.9,1.29,1.115,0.912,2M ZnSO4,nickel foam,2.0,1.8,0.5,65.0
242.0,6.99,1.59,0.0,0.0,0.0,2465.9,1.29,1.115,0.912,2M ZnSO4,nickel foam,2.0,1.8,1.0,60.8
243.0,6.99,1.59,0.0,0.0,0.0,2465.9,1.29,1.115,0.912,2M ZnSO4,nickel foam,2.0,1.8,2.0,55.3
244.0,6.99,1.59,0.0,0.0,0.0,2465.9,1.29,1.115,0.912,2M ZnSO4,nickel foam,2.0,1.8,3.0,52.7
245.0,6.99,1.59,0.0,0.0,0.0,2465.9,1.29,1.115,0.912,2M ZnSO4,nickel foam,2.0,1.8,5.0,49.2
246.0,6.99,1.59,0.0,0.0,0.0,2465.9,1.29,1.115,0.912,2M ZnSO4,nickel foam,2.0,1.8,10.0,44.5
247.0,6.99,1.59,0.0,0.0,0.0,2465.9,1.29,1.115,0.912,2M ZnSO4,nickel foam,2.0,1.8,15.0,41.6
248.0,6.99,1.59,0.0,0.0,0.0,2465.9,1.29,1.115,0.912,2M ZnSO4,nickel foam,2.0,1.8,20.0,41.6
281.0,4.81,1.09,0.0,0.0,0.0,972.4,1.67,0.21,0.82,2M ZnSO4,stainless-steel mesh,2.5,1.6,0.2,104.9
282.0,4.81,1.09,0.0,0.0,0.0,972.4,1.67,0.21,0.82,2M ZnSO4,stainless-steel mesh,2.5,1.6,0.5,91.0
283.0,4.81,1.09,0.0,0.0,0.0,972.4,1.67,0.21,0.82,2M ZnSO4,stainless-steel mesh,2.5,1.6,1.0,84.9
284.0,4.81,1.09,0.0,0.0,0.0,972.4,1.67,0.21,0.82,2M ZnSO4,stainless-steel mesh,2.5,1.6,2.0,78.2
285.0,4.81,1.09,0.0,0.0,0.0,972.4,1.67,0.21,0.82,2M ZnSO4,stainless-steel mesh,2.5,1.6,3.0,74.2
286.0,4.81,1.09,0.0,0.0,0.0,972.4,1.67,0.21,0.82,2M ZnSO4,stainless-steel mesh,2.5,1.6,4.0,70.8
287.0,4.81,1.09,0.0,0.0,0.0,972.4,1.67,0.21,0.82,2M ZnSO4,stainless-steel mesh,2.5,1.6,5.0,68.5
288.0,4.81,1.09,0.0,0.0,0.0,972.4,1.67,0.21,0.82,2M ZnSO4,stainless-steel mesh,2.5,1.6,10.0,60.3
289.0,4.81,1.09,0.0,0.0,0.0,972.4,1.67,0.21,0.82,2M ZnSO4,stainless-steel mesh,2.5,1.6,15.0,56.5
290.0,4.81,1.09,0.0,0.0,0.0,972.4,1.67,0.21,0.82,2M ZnSO4,stainless-steel mesh,2.5,1.6,20.0,52.1
291.0,4.81,1.09,0.0,0.0,0.0,972.4,1.67,0.21,0.82,2M ZnSO4,stainless-steel mesh,2.5,1.6,30.0,44.8
292.0,4.89,1.74,0.0,0.0,0.0,1666.8,2.42,0.136,0.88,2M ZnSO4,stainless-steel mesh,2.5,1.6,0.2,132.9
293.0,4.89,1.74,0.0,0.0,0.0,1666.8,2.42,0.136,0.88,2M ZnSO4,stainless-steel mesh,2.5,1.6,0.5,114.4
294.0,4.89,1.74,0.0,0.0,0.0,1666.8,2.42,0.136,0.88,2M ZnSO4,stainless-steel mesh,2.5,1.6,1.0,108.9
295.0,4.89,1.74,0.0,0.0,0.0,1666.8,2.42,0.136,0.88,2M ZnSO4,stainless-steel mesh,2.5,1.6,2.0,99.4
296.0,4.89,1.74,0.0,0.0,0.0,1666.8,2.42,0.136,0.88,2M ZnSO4,stainless-steel mesh,2.5,1.6,3.0,95.6
297.0,4.89,1.74,0.0,0.0,0.0,1666.8,2.42,0.136,0.88,2M ZnSO4,stainless-steel mesh,2.5,1.6,4.0,91.1
298.0,4.89,1.74,0.0,0.0,0.0,1666.8,2.42,0.136,0.88,2M ZnSO4,stainless-steel mesh,2.5,1.6,5.0,89.9
299.0,4.89,1.74,0.0,0.0,0.0,1666.8,2.42,0.136,0.88,2M ZnSO4,stainless-steel mesh,2.5,1.6,10.0,83.3
300.0,4.89,1.74,0.0,0.0,0.0,1666.8,2.42,0.136,0.88,2M ZnSO4,stainless-steel mesh,2.5,1.6,15.0,80.8
301.0,4.89,1.74,0.0,0.0,0.0,1666.8,2.42,0.136,0.88,2M ZnSO4,stainless-steel mesh,2.5,1.6,20.0,76.6
302.0,4.89,1.74,0.0,0.0,0.0,1666.8,2.42,0.136,0.88,2M ZnSO4,stainless-steel mesh,2.5,1.6,30.0,73.3
303.0,4.89,1.74,0.0,0.0,0.0,1666.8,2.42,0.136,0.88,2M ZnSO4,stainless-steel mesh,2.5,1.6,40.0,68.8
304.0,4.89,1.74,0.0,0.0,0.0,1666.8,2.42,0.136,0.88,2M ZnSO4,stainless-steel mesh,2.5,1.6,50.0,65.2
305.0,6.42,2.75,0.0,0.0,0.0,1301.6,3.04,0.074,0.92,2M ZnSO4,stainless-steel mesh,2.5,1.6,0.2,67.8
306.0,6.42,2.75,0.0,0.0,0.0,1301.6,3.04,0.074,0.92,2M ZnSO4,stainless-steel mesh,2.5,1.6,0.5,59.8
307.0,6.42,2.75,0.0,0.0,0.0,1301.6,3.04,0.074,0.92,2M ZnSO4,stainless-steel mesh,2.5,1.6,1.0,56.8
308.0,6.42,2.75,0.0,0.0,0.0,1301.6,3.04,0.074,0.92,2M ZnSO4,stainless-steel mesh,2.5,1.6,2.0,53.2
309.0,6.42,2.75,0.0,0.0,0.0,1301.6,3.04,0.074,0.92,2M ZnSO4,stainless-steel mesh,2.5,1.6,3.0,51.7
310.0,6.42,2.75,0.0,0.0,0.0,1301.6,3.04,0.074,0.92,2M ZnSO4,stainless-steel mesh,2.5,1.6,4.0,49.9
311.0,6.42,2.75,0.0,0.0,0.0,1301.6,3.04,0.074,0.92,2M ZnSO4,stainless-steel mesh,2.5,1.6,5.0,49.2
312.0,6.42,2.75,0.0,0.0,0.0,1301.6,3.04,0.074,0.92,2M ZnSO4,stainless-steel mesh,2.5,1.6,10.0,45.5
313.0,6.42,2.75,0.0,0.0,0.0,1301.6,3.04,0.074,0.92,2M ZnSO4,stainless-steel mesh,2.5,1.6,15.0,43.7
314.0,6.42,2.75,0.0,0.0,0.0,1301.6,3.04,0.074,0.92,2M ZnSO4,stainless-steel mesh,2.5,1.6,20.0,41.1
315.0,6.42,2.75,0.0,0.0,0.0,1301.6,3.04,0.074,0.92,2M ZnSO4,stainless-steel mesh,2.5,1.6,30.0,37.4
337.0,11.57,0.0,0.0,0.0,0.0,2085.1,1.72,0.194,0.86,2M ZnSO4,freestanding,2.0,1.6,0.05,181.67
338.0,11.57,0.0,0.0,0.0,0.0,2085.1,1.72,0.194,0.86,2M ZnSO4,freestanding,2.0,1.6,0.1,132.7
339.0,11.57,0.0,0.0,0.0,0.0,2085.1,1.72,0.194,0.86,2M ZnSO4,freestanding,2.0,1.6,0.2,116.9
340.0,11.57,0.0,0.0,0.0,0.0,2085.1,1.72,0.194,0.86,2M ZnSO4,freestanding,2.0,1.6,0.3,106.1
341.0,11.57,0.0,0.0,0.0,0.0,2085.1,1.72,0.194,0.86,2M ZnSO4,freestanding,2.0,1.6,0.5,98.3
342.0,11.57,0.0,0.0,0.0,0.0,2085.1,1.72,0.194,0.86,2M ZnSO4,freestanding,2.0,1.6,1.0,91.1
343.0,11.57,0.0,0.0,0.0,0.0,2085.1,1.72,0.194,0.86,2M ZnSO4,freestanding,2.0,1.6,2.0,84.9
344.0,11.57,0.0,0.0,0.0,0.0,2085.1,1.72,0.194,0.86,2M ZnSO4,freestanding,2.0,1.6,3.0,81.9
345.0,11.57,0.0,0.0,0.0,0.0,2085.1,1.72,0.194,0.86,2M ZnSO4,freestanding,2.0,1.6,5.0,78.2
346.0,11.57,0.0,0.0,0.0,0.0,2085.1,1.72,0.194,0.86,2M ZnSO4,freestanding,2.0,1.6,10.0,73.5
347.0,11.57,0.0,0.0,0.0,0.0,2085.1,1.72,0.194,0.86,2M ZnSO4,freestanding,2.0,1.6,15.0,68.9
348.0,11.57,0.0,0.0,0.0,0.0,2085.1,1.72,0.194,0.86,2M ZnSO4,freestanding,2.0,1.6,20.0,66.71
360.0,4.77,0.0,0.0,0.0,0.0,1644.0,0.96,1.33,1.06,1M ZnSO4,freestanding,1.77,1.6,0.1,52.9
361.0,4.77,0.0,0.0,0.0,0.0,1644.0,0.96,1.33,1.06,1M ZnSO4,freestanding,1.77,1.6,0.2,48.7
362.0,4.77,0.0,0.0,0.0,0.0,1644.0,0.96,1.33,1.06,1M ZnSO4,freestanding,1.77,1.6,0.5,43.8
363.0,4.77,0.0,0.0,0.0,0.0,1644.0,0.96,1.33,1.06,1M ZnSO4,freestanding,1.77,1.6,1.0,40.0
364.0,4.77,0.0,0.0,0.0,0.0,1644.0,0.96,1.33,1.06,1M ZnSO4,freestanding,1.77,1.6,2.0,36.5
365.0,4.77,0.0,0.0,0.0,0.0,1644.0,0.96,1.33,1.06,1M ZnSO4,freestanding,1.77,1.6,5.0,31.4
366.0,4.77,0.0,0.0,0.0,0.0,1644.0,0.96,1.33,1.06,1M ZnSO4,freestanding,1.77,1.6,10.0,26.9
367.0,4.77,0.0,0.0,0.0,0.0,1644.0,0.96,1.33,1.06,1M ZnSO4,freestanding,1.77,1.6,20.0,21.4
368.0,4.43,2.62,0.0,0.0,2.14,2038.0,1.29,0.497,1.12,1M ZnSO4,freestanding,1.77,1.6,0.1,103.2
369.0,4.43,2.62,0.0,0.0,2.14,2038.0,1.29,0.497,1.12,1M ZnSO4,freestanding,1.77,1.6,0.2,93.7
370.0,4.43,2.62,0.0,0.0,2.14,2038.0,1.29,0.497,1.12,1M ZnSO4,freestanding,1.77,1.6,0.5,85.3
371.0,4.43,2.62,0.0,0.0,2.14,2038.0,1.29,0.497,1.12,1M ZnSO4,freestanding,1.77,1.6,1.0,80.3
372.0,4.43,2.62,0.0,0.0,2.14,2038.0,1.29,0.497,1.12,1M ZnSO4,freestanding,1.77,1.6,2.0,74.7
373.0,4.43,2.62,0.0,0.0,2.14,2038.0,1.29,0.497,1.12,1M ZnSO4,freestanding,1.77,1.6,5.0,68.2
374.0,4.43,2.62,0.0,0.0,2.14,2038.0,1.29,0.497,1.12,1M ZnSO4,freestanding,1.77,1.6,10.0,61.0
375.0,4.43,2.62,0.0,0.0,2.14,2038.0,1.29,0.497,1.12,1M ZnSO4,freestanding,1.77,1.6,20.0,52.8
376.0,7.94,0.0,0.0,0.0,0.0,761.62,0.9097,1.224,0.98,2M ZnSO4,Titanium foil,1.2,1.6,0.1,42.8
398.0,9.1,3.1,0.0,0.0,0.0,1055.0,0.95,0.583,1.06,2M ZnSO4,stainless-steel mesh,1.0,1.7,0.2,165.0
399.0,9.1,3.1,0.0,0.0,0.0,1055.0,0.95,0.583,1.06,2M ZnSO4,stainless-steel mesh,1.0,1.7,0.5,150.0
400.0,9.1,3.1,0.0,0.0,0.0,1055.0,0.95,0.583,1.06,2M ZnSO4,stainless-steel mesh,1.0,1.7,1.0,137.0
401.0,9.1,3.1,0.0,0.0,0.0,1055.0,0.95,0.583,1.06,2M ZnSO4,stainless-steel mesh,1.0,1.7,2.0,127.0
402.0,9.1,3.1,0.0,0.0,0.0,1055.0,0.95,0.583,1.06,2M ZnSO4,stainless-steel mesh,1.0,1.7,5.0,122.0
403.0,9.1,3.1,0.0,0.0,0.0,1055.0,0.95,0.583,1.06,2M ZnSO4,stainless-steel mesh,1.0,1.7,10.0,118.0
412.0,6.1,7.2,0.0,0.0,0.0,1843.0,1.1,0.447,1.01,2M ZnSO4,stainless-steel mesh,1.0,1.6,0.5,181.0
413.0,6.1,7.2,0.0,0.0,0.0,1843.0,1.1,0.447,1.01,2M ZnSO4,stainless-steel mesh,1.0,1.6,1.0,153.3
414.0,6.1,7.2,0.0,0.0,0.0,1843.0,1.1,0.447,1.01,2M ZnSO4,stainless-steel mesh,1.0,1.6,2.0,137.2
415.0,6.1,7.2,0.0,0.0,0.0,1843.0,1.1,0.447,1.01,2M ZnSO4,stainless-steel mesh,1.0,1.6,3.0,130.2
416.0,6.1,7.2,0.0,0.0,0.0,1843.0,1.1,0.447,1.01,2M ZnSO4,stainless-steel mesh,1.0,1.6,5.0,121.7
417.0,6.1,7.2,0.0,0.0,0.0,1843.0,1.1,0.447,1.01,2M ZnSO4,stainless-steel mesh,1.0,1.6,10.0,110.4
418.0,6.1,7.2,0.0,0.0,0.0,1843.0,1.1,0.447,1.01,2M ZnSO4,stainless-steel mesh,1.0,1.6,15.0,104.0
419.0,4.2,6.3,0.0,0.0,0.0,543.0,0.9,0.125,0.99,2M ZnSO4,stainless-steel mesh,1.0,1.6,0.5,110.0
420.0,4.2,6.3,0.0,0.0,0.0,543.0,0.9,0.125,0.99,2M ZnSO4,stainless-steel mesh,1.0,1.6,1.0,97.8
421.0,4.2,6.3,0.0,0.0,0.0,543.0,0.9,0.125,0.99,2M ZnSO4,stainless-steel mesh,1.0,1.6,2.0,89.8
422.0,4.2,6.3,0.0,0.0,0.0,543.0,0.9,0.125,0.99,2M ZnSO4,stainless-steel mesh,1.0,1.6,3.0,84.9
423.0,4.2,6.3,0.0,0.0,0.0,543.0,0.9,0.125,0.99,2M ZnSO4,stainless-steel mesh,1.0,1.6,5.0,78.4
424.0,4.2,6.3,0.0,0.0,0.0,543.0,0.9,0.125,0.99,2M ZnSO4,stainless-steel mesh,1.0,1.6,10.0,67.2
425.0,4.2,6.3,0.0,0.0,0.0,543.0,0.9,0.125,0.99,2M ZnSO4,stainless-steel mesh,1.0,1.6,15.0,58.2
426.0,10.8,5.7,0.0,0.0,0.0,1454.0,0.83,0.122,1.05,2M ZnSO4,stainless-steel mesh,1.0,1.6,0.5,98.0
427.0,10.8,5.7,0.0,0.0,0.0,1454.0,0.83,0.122,1.05,2M ZnSO4,stainless-steel mesh,1.0,1.6,1.0,81.7
428.0,10.8,5.7,0.0,0.0,0.0,1454.0,0.83,0.122,1.05,2M ZnSO4,stainless-steel mesh,1.0,1.6,2.0,72.2
429.0,10.8,5.7,0.0,0.0,0.0,1454.0,0.83,0.122,1.05,2M ZnSO4,stainless-steel mesh,1.0,1.6,3.0,67.0
430.0,10.8,5.7,0.0,0.0,0.0,1454.0,0.83,0.122,1.05,2M ZnSO4,stainless-steel mesh,1.0,1.6,5.0,60.7
431.0,10.8,5.7,0.0,0.0,0.0,1454.0,0.83,0.122,1.05,2M ZnSO4,stainless-steel mesh,1.0,1.6,10.0,50.9
432.0,10.8,5.7,0.0,0.0,0.0,1454.0,0.83,0.122,1.05,2M ZnSO4,stainless-steel mesh,1.0,1.6,15.0,45.1
439.0,11.18,2.79,0.0,0.77,0.0,599.3,0.276,2.366,0.81,1M ZnSO4,stainless steel,1.5,1.6,0.1,79.4
440.0,11.18,2.79,0.0,0.77,0.0,599.3,0.276,2.366,0.81,1M ZnSO4,stainless steel,1.5,1.6,0.2,70.3
441.0,11.18,2.79,0.0,0.77,0.0,599.3,0.276,2.366,0.81,1M ZnSO4,stainless steel,1.5,1.6,0.5,59.8
442.0,11.18,2.79,0.0,0.77,0.0,599.3,0.276,2.366,0.81,1M ZnSO4,stainless steel,1.5,1.6,1.0,50.8
443.0,11.18,2.79,0.0,0.77,0.0,599.3,0.276,2.366,0.81,1M ZnSO4,stainless steel,1.5,1.6,2.0,41.6
444.0,11.18,2.79,0.0,0.77,0.0,599.3,0.276,2.366,0.81,1M ZnSO4,stainless steel,1.5,1.6,5.0,28.8
445.0,11.18,2.79,0.0,0.77,0.0,599.3,0.276,2.366,0.81,1M ZnSO4,stainless steel,1.5,1.6,10.0,22.9
474.0,9.33,6.25,0.0,0.0,0.0,1021.0,1.07,1.89,0.84,3M Zn(CF3SO3)2,stainless-steel mesh,10.0,1.8,0.2,122.3
475.0,9.33,6.25,0.0,0.0,0.0,1021.0,1.07,1.89,0.84,3M Zn(CF3SO3)2,stainless-steel mesh,10.0,1.8,0.5,108.1
476.0,9.33,6.25,0.0,0.0,0.0,1021.0,1.07,1.89,0.84,3M Zn(CF3SO3)2,stainless-steel mesh,10.0,1.8,1.0,103.8
477.0,9.33,6.25,0.0,0.0,0.0,1021.0,1.07,1.89,0.84,3M Zn(CF3SO3)2,stainless-steel mesh,10.0,1.8,2.0,94.2
478.0,9.33,6.25,0.0,0.0,0.0,1021.0,1.07,1.89,0.84,3M Zn(CF3SO3)2,stainless-steel mesh,10.0,1.8,5.0,85.6
479.0,9.33,6.25,0.0,0.0,0.0,1021.0,1.07,1.89,0.84,3M Zn(CF3SO3)2,stainless-steel mesh,10.0,1.8,10.0,76.0
480.0,9.33,6.25,0.0,0.0,0.0,1021.0,1.07,1.89,0.84,3M Zn(CF3SO3)2,stainless-steel mesh,10.0,1.8,20.0,59.1
481.0,8.0,8.12,0.0,0.0,0.0,1685.0,1.2,0.508,0.85,3M Zn(CF3SO3)2,stainless-steel mesh,10.0,1.8,0.2,153.8
482.0,8.0,8.12,0.0,0.0,0.0,1685.0,1.2,0.508,0.85,3M Zn(CF3SO3)2,stainless-steel mesh,10.0,1.8,0.5,146.9
483.0,8.0,8.12,0.0,0.0,0.0,1685.0,1.2,0.508,0.85,3M Zn(CF3SO3)2,stainless-steel mesh,10.0,1.8,1.0,127.3
484.0,8.0,8.12,0.0,0.0,0.0,1685.0,1.2,0.508,0.85,3M Zn(CF3SO3)2,stainless-steel mesh,10.0,1.8,2.0,117.0
485.0,8.0,8.12,0.0,0.0,0.0,1685.0,1.2,0.508,0.85,3M Zn(CF3SO3)2,stainless-steel mesh,10.0,1.8,5.0,108.7
486.0,8.0,8.12,0.0,0.0,0.0,1685.0,1.2,0.508,0.85,3M Zn(CF3SO3)2,stainless-steel mesh,10.0,1.8,10.0,95.5
487.0,8.0,8.12,0.0,0.0,0.0,1685.0,1.2,0.508,0.85,3M Zn(CF3SO3)2,stainless-steel mesh,10.0,1.8,20.0,82.3
489.0,9.75,7.83,0.0,0.0,0.0,2370.0,2.18,0.319,0.85,3M Zn(CF3SO3)2,stainless-steel mesh,10.0,1.8,0.5,217.5
490.0,9.75,7.83,0.0,0.0,0.0,2370.0,2.18,0.319,0.85,3M Zn(CF3SO3)2,stainless-steel mesh,10.0,1.8,1.0,184.3
491.0,9.75,7.83,0.0,0.0,0.0,2370.0,2.18,0.319,0.85,3M Zn(CF3SO3)2,stainless-steel mesh,10.0,1.8,2.0,163.5
492.0,9.75,7.83,0.0,0.0,0.0,2370.0,2.18,0.319,0.85,3M Zn(CF3SO3)2,stainless-steel mesh,10.0,1.8,5.0,156.8
493.0,9.75,7.83,0.0,0.0,0.0,2370.0,2.18,0.319,0.85,3M Zn(CF3SO3)2,stainless-steel mesh,10.0,1.8,10.0,151.9
494.0,9.75,7.83,0.0,0.0,0.0,2370.0,2.18,0.319,0.85,3M Zn(CF3SO3)2,stainless-steel mesh,10.0,1.8,20.0,149.2
507.0,5.51,5.19,0.0,0.0,0.0,642.0,0.58,0.184,3.5,2M ZnSO4,stainless steel,1.0,1.6,0.2,149.9
508.0,5.51,5.19,0.0,0.0,0.0,642.0,0.58,0.184,3.5,2M ZnSO4,stainless steel,1.0,1.6,0.5,128.2
509.0,5.51,5.19,0.0,0.0,0.0,642.0,0.58,0.184,3.5,2M ZnSO4,stainless steel,1.0,1.6,1.0,112.4
510.0,5.51,5.19,0.0,0.0,0.0,642.0,0.58,0.184,3.5,2M ZnSO4,stainless steel,1.0,1.6,2.0,102.5
511.0,5.51,5.19,0.0,0.0,0.0,642.0,0.58,0.184,3.5,2M ZnSO4,stainless steel,1.0,1.6,5.0,90.9
512.0,5.51,5.19,0.0,0.0,0.0,642.0,0.58,0.184,3.5,2M ZnSO4,stainless steel,1.0,1.6,10.0,83.2
513.0,5.51,5.19,0.0,0.0,0.0,642.0,0.58,0.184,3.5,2M ZnSO4,stainless steel,1.0,1.6,20.0,73.8
514.0,5.51,5.19,0.0,0.0,0.0,642.0,0.58,0.184,3.5,2M ZnSO4,stainless steel,1.0,1.6,40.0,63.3
515.0,5.51,5.19,0.0,0.0,0.0,642.0,0.58,0.184,3.5,2M ZnSO4,stainless steel,1.0,1.6,60.0,55.4
532.0,7.41,0.53,0.0,0.0,0.0,1398.16,0.79,2.03846153846154,0.7,1M ZnSO4,stainless steel,1.0,1.6,0.2,94.6
533.0,7.41,0.53,0.0,0.0,0.0,1398.16,0.79,2.03846153846154,0.7,1M ZnSO4,stainless steel,1.0,1.6,0.5,84.0
534.0,7.41,0.53,0.0,0.0,0.0,1398.16,0.79,2.03846153846154,0.7,1M ZnSO4,stainless steel,1.0,1.6,0.8,80.3
535.0,7.41,0.53,0.0,0.0,0.0,1398.16,0.79,2.03846153846154,0.7,1M ZnSO4,stainless steel,1.0,1.6,1.0,77.9
536.0,7.41,0.53,0.0,0.0,0.0,1398.16,0.79,2.03846153846154,0.7,1M ZnSO4,stainless steel,1.0,1.6,2.0,75.0
537.0,7.41,0.53,0.0,0.0,0.0,1398.16,0.79,2.03846153846154,0.7,1M ZnSO4,stainless steel,1.0,1.6,5.0,71.3
538.0,7.41,0.53,0.0,0.0,0.0,1398.16,0.79,2.03846153846154,0.7,1M ZnSO4,stainless steel,1.0,1.6,8.0,67.5
539.0,7.41,0.53,0.0,0.0,0.0,1398.16,0.79,2.03846153846154,0.7,1M ZnSO4,stainless steel,1.0,1.6,10.0,65.7
581.0,2.75,0.95,0.0,0.0,0.0,1687.1,1.75,0.101321585903084,1.11,1M Zn(CF3SO3)2,stainless-steel mesh,1.0,1.6,0.3,111.6
582.0,2.75,0.95,0.0,0.0,0.0,1687.1,1.75,0.101321585903084,1.11,1M Zn(CF3SO3)2,stainless-steel mesh,1.0,1.6,0.5,105.1
583.0,2.75,0.95,0.0,0.0,0.0,1687.1,1.75,0.101321585903084,1.11,1M Zn(CF3SO3)2,stainless-steel mesh,1.0,1.6,1.0,102.0
584.0,2.75,0.95,0.0,0.0,0.0,1687.1,1.75,0.101321585903084,1.11,1M Zn(CF3SO3)2,stainless-steel mesh,1.0,1.6,3.0,96.6
585.0,2.75,0.95,0.0,0.0,0.0,1687.1,1.75,0.101321585903084,1.11,1M Zn(CF3SO3)2,stainless-steel mesh,1.0,1.6,5.0,92.4
586.0,2.75,0.95,0.0,0.0,0.0,1687.1,1.75,0.101321585903084,1.11,1M Zn(CF3SO3)2,stainless-steel mesh,1.0,1.6,8.0,90.0
587.0,2.75,0.95,0.0,0.0,0.0,1687.1,1.75,0.101321585903084,1.11,1M Zn(CF3SO3)2,stainless-steel mesh,1.0,1.6,10.0,88.5
588.0,2.75,0.95,0.0,0.0,0.0,1687.1,1.75,0.101321585903084,1.11,1M Zn(CF3SO3)2,stainless-steel mesh,1.0,1.6,20.0,79.9
589.0,2.75,0.95,0.0,0.0,0.0,1687.1,1.75,0.101321585903084,1.11,1M Zn(CF3SO3)2,stainless-steel mesh,1.0,1.6,30.0,72.4
590.0,1.91,2.99,0.0,0.0,0.0,2330.9,2.756,0.105052125100241,1.24,1M Zn(CF3SO3)2,stainless-steel mesh,1.0,1.6,0.3,125.3
591.0,1.91,2.99,0.0,0.0,0.0,2330.9,2.756,0.105052125100241,1.24,1M Zn(CF3SO3)2,stainless-steel mesh,1.0,1.6,0.5,117.3
592.0,1.91,2.99,0.0,0.0,0.0,2330.9,2.756,0.105052125100241,1.24,1M Zn(CF3SO3)2,stainless-steel mesh,1.0,1.6,1.0,115.3
593.0,1.91,2.99,0.0,0.0,0.0,2330.9,2.756,0.105052125100241,1.24,1M Zn(CF3SO3)2,stainless-steel mesh,1.0,1.6,3.0,105.9
594.0,1.91,2.99,0.0,0.0,0.0,2330.9,2.756,0.105052125100241,1.24,1M Zn(CF3SO3)2,stainless-steel mesh,1.0,1.6,5.0,99.8
595.0,1.91,2.99,0.0,0.0,0.0,2330.9,2.756,0.105052125100241,1.24,1M Zn(CF3SO3)2,stainless-steel mesh,1.0,1.6,8.0,97.5
596.0,1.91,2.99,0.0,0.0,0.0,2330.9,2.756,0.105052125100241,1.24,1M Zn(CF3SO3)2,stainless-steel mesh,1.0,1.6,10.0,94.5
597.0,1.91,2.99,0.0,0.0,0.0,2330.9,2.756,0.105052125100241,1.24,1M Zn(CF3SO3)2,stainless-steel mesh,1.0,1.6,20.0,88.9
598.0,1.91,2.99,0.0,0.0,0.0,2330.9,2.756,0.105052125100241,1.24,1M Zn(CF3SO3)2,stainless-steel mesh,1.0,1.6,30.0,83.1
599.0,1.9,1.3,0.0,0.0,0.0,1317.4,1.384,0.126118795768918,1.05,1M Zn(CF3SO3)2,stainless-steel mesh,1.0,1.6,0.3,107.6
600.0,1.9,1.3,0.0,0.0,0.0,1317.4,1.384,0.126118795768918,1.05,1M Zn(CF3SO3)2,stainless-steel mesh,1.0,1.6,0.5,103.0
601.0,1.9,1.3,0.0,0.0,0.0,1317.4,1.384,0.126118795768918,1.05,1M Zn(CF3SO3)2,stainless-steel mesh,1.0,1.6,1.0,99.7
602.0,1.9,1.3,0.0,0.0,0.0,1317.4,1.384,0.126118795768918,1.05,1M Zn(CF3SO3)2,stainless-steel mesh,1.0,1.6,3.0,91.6
603.0,1.9,1.3,0.0,0.0,0.0,1317.4,1.384,0.126118795768918,1.05,1M Zn(CF3SO3)2,stainless-steel mesh,1.0,1.6,5.0,88.7
604.0,1.9,1.3,0.0,0.0,0.0,1317.4,1.384,0.126118795768918,1.05,1M Zn(CF3SO3)2,stainless-steel mesh,1.0,1.6,8.0,82.4
605.0,1.9,1.3,0.0,0.0,0.0,1317.4,1.384,0.126118795768918,1.05,1M Zn(CF3SO3)2,stainless-steel mesh,1.0,1.6,10.0,79.6
606.0,1.9,1.3,0.0,0.0,0.0,1317.4,1.384,0.126118795768918,1.05,1M Zn(CF3SO3)2,stainless-steel mesh,1.0,1.6,20.0,71.9
607.0,1.9,1.3,0.0,0.0,0.0,1317.4,1.384,0.126118795768918,1.05,1M Zn(CF3SO3)2,stainless-steel mesh,1.0,1.6,30.0,63.1
608.0,9.92,0.0,0.0,0.0,0.0,1667.33,1.23,1.14,1.1,2M ZnSO4,stainless-steel mesh,1.5,1.6,0.5,101.2
609.0,9.92,0.0,0.0,0.0,0.0,1667.33,1.23,1.14,1.1,2M ZnSO4,stainless-steel mesh,1.5,1.6,1.0,92.4
610.0,9.92,0.0,0.0,0.0,0.0,1667.33,1.23,1.14,1.1,2M ZnSO4,stainless-steel mesh,1.5,1.6,2.0,84.3
611.0,9.92,0.0,0.0,0.0,0.0,1667.33,1.23,1.14,1.1,2M ZnSO4,stainless-steel mesh,1.5,1.6,3.0,79.8
612.0,9.92,0.0,0.0,0.0,0.0,1667.33,1.23,1.14,1.1,2M ZnSO4,stainless-steel mesh,1.5,1.6,4.0,77.2
613.0,9.92,0.0,0.0,0.0,0.0,1667.33,1.23,1.14,1.1,2M ZnSO4,stainless-steel mesh,1.5,1.6,5.0,75.8
614.0,9.92,0.0,0.0,0.0,0.0,1667.33,1.23,1.14,1.1,2M ZnSO4,stainless-steel mesh,1.5,1.6,10.0,68.2
615.0,9.92,0.0,0.0,0.0,0.0,1667.33,1.23,1.14,1.1,2M ZnSO4,stainless-steel mesh,1.5,1.6,20.0,61.0
624.0,9.44,0.8,0.0,0.0,0.0,2295.25,1.63,1.264,1.18,2M ZnSO4,stainless-steel mesh,1.5,1.6,0.5,114.1
625.0,9.44,0.8,0.0,0.0,0.0,2295.25,1.63,1.264,1.18,2M ZnSO4,stainless-steel mesh,1.5,1.6,1.0,103.4
626.0,9.44,0.8,0.0,0.0,0.0,2295.25,1.63,1.264,1.18,2M ZnSO4,stainless-steel mesh,1.5,1.6,2.0,94.5
627.0,9.44,0.8,0.0,0.0,0.0,2295.25,1.63,1.264,1.18,2M ZnSO4,stainless-steel mesh,1.5,1.6,3.0,90.0
628.0,9.44,0.8,0.0,0.0,0.0,2295.25,1.63,1.264,1.18,2M ZnSO4,stainless-steel mesh,1.5,1.6,4.0,86.4
629.0,9.44,0.8,0.0,0.0,0.0,2295.25,1.63,1.264,1.18,2M ZnSO4,stainless-steel mesh,1.5,1.6,5.0,84.0
630.0,9.44,0.8,0.0,0.0,0.0,2295.25,1.63,1.264,1.18,2M ZnSO4,stainless-steel mesh,1.5,1.6,10.0,74.4
631.0,9.44,0.8,0.0,0.0,0.0,2295.25,1.63,1.264,1.18,2M ZnSO4,stainless-steel mesh,1.5,1.6,20.0,62.2
632.0,9.05,1.32,0.0,1.67,0.0,2773.02,1.91,1.358,1.19,2M ZnSO4,stainless-steel mesh,1.5,1.6,0.5,135.0
633.0,9.05,1.32,0.0,1.67,0.0,2773.02,1.91,1.358,1.19,2M ZnSO4,stainless-steel mesh,1.5,1.6,1.0,120.8
634.0,9.05,1.32,0.0,1.67,0.0,2773.02,1.91,1.358,1.19,2M ZnSO4,stainless-steel mesh,1.5,1.6,2.0,106.0
635.0,9.05,1.32,0.0,1.67,0.0,2773.02,1.91,1.358,1.19,2M ZnSO4,stainless-steel mesh,1.5,1.6,3.0,100.5
636.0,9.05,1.32,0.0,1.67,0.0,2773.02,1.91,1.358,1.19,2M ZnSO4,stainless-steel mesh,1.5,1.6,4.0,97.1
637.0,9.05,1.32,0.0,1.67,0.0,2773.02,1.91,1.358,1.19,2M ZnSO4,stainless-steel mesh,1.5,1.6,5.0,95.0
638.0,9.05,1.32,0.0,1.67,0.0,2773.02,1.91,1.358,1.19,2M ZnSO4,stainless-steel mesh,1.5,1.6,10.0,88.8
639.0,9.05,1.32,0.0,1.67,0.0,2773.02,1.91,1.358,1.19,2M ZnSO4,stainless-steel mesh,1.5,1.6,20.0,81.6
640.0,9.71,5.41,0.0,0.0,0.0,670.0,0.72,3.071,1.89,3M Zn(CF3SO3)2,stainless-steel mesh,1.5,1.7,0.1,122.4
641.0,9.71,5.41,0.0,0.0,0.0,670.0,0.72,3.071,1.89,3M Zn(CF3SO3)2,stainless-steel mesh,1.5,1.7,0.2,92.4
642.0,9.71,5.41,0.0,0.0,0.0,670.0,0.72,3.071,1.89,3M Zn(CF3SO3)2,stainless-steel mesh,1.5,1.7,0.5,79.7
643.0,9.71,5.41,0.0,0.0,0.0,670.0,0.72,3.071,1.89,3M Zn(CF3SO3)2,stainless-steel mesh,1.5,1.7,1.0,72.7
644.0,9.71,5.41,0.0,0.0,0.0,670.0,0.72,3.071,1.89,3M Zn(CF3SO3)2,stainless-steel mesh,1.5,1.7,2.0,68.4
645.0,9.71,5.41,0.0,0.0,0.0,670.0,0.72,3.071,1.89,3M Zn(CF3SO3)2,stainless-steel mesh,1.5,1.7,5.0,61.1
646.0,9.71,5.41,0.0,0.0,0.0,670.0,0.72,3.071,1.89,3M Zn(CF3SO3)2,stainless-steel mesh,1.5,1.7,10.0,55.7
647.0,9.71,5.41,0.0,0.0,0.0,670.0,0.72,3.071,1.89,3M Zn(CF3SO3)2,stainless-steel mesh,1.5,1.7,20.0,49.1
648.0,9.71,5.41,0.0,0.0,0.0,670.0,0.72,3.071,1.89,3M Zn(CF3SO3)2,stainless-steel mesh,1.5,1.7,40.0,43.7
649.0,9.71,5.41,0.0,0.0,0.0,670.0,0.72,3.071,1.89,3M Zn(CF3SO3)2,stainless-steel mesh,1.5,1.7,50.0,42.2
650.0,7.21,3.67,0.0,0.0,0.0,1777.0,1.56,2.308,2.0,3M Zn(CF3SO3)2,stainless-steel mesh,1.5,1.7,0.1,153.4
651.0,7.21,3.67,0.0,0.0,0.0,1777.0,1.56,2.308,2.0,3M Zn(CF3SO3)2,stainless-steel mesh,1.5,1.7,0.2,117.6
652.0,7.21,3.67,0.0,0.0,0.0,1777.0,1.56,2.308,2.0,3M Zn(CF3SO3)2,stainless-steel mesh,1.5,1.7,0.5,101.3
653.0,7.21,3.67,0.0,0.0,0.0,1777.0,1.56,2.308,2.0,3M Zn(CF3SO3)2,stainless-steel mesh,1.5,1.7,1.0,93.9
654.0,7.21,3.67,0.0,0.0,0.0,1777.0,1.56,2.308,2.0,3M Zn(CF3SO3)2,stainless-steel mesh,1.5,1.7,2.0,90.1
655.0,7.21,3.67,0.0,0.0,0.0,1777.0,1.56,2.308,2.0,3M Zn(CF3SO3)2,stainless-steel mesh,1.5,1.7,5.0,83.1
656.0,7.21,3.67,0.0,0.0,0.0,1777.0,1.56,2.308,2.0,3M Zn(CF3SO3)2,stainless-steel mesh,1.5,1.7,10.0,77.7
657.0,7.21,3.67,0.0,0.0,0.0,1777.0,1.56,2.308,2.0,3M Zn(CF3SO3)2,stainless-steel mesh,1.5,1.7,20.0,72.3
658.0,7.21,3.67,0.0,0.0,0.0,1777.0,1.56,2.308,2.0,3M Zn(CF3SO3)2,stainless-steel mesh,1.5,1.7,40.0,66.9
659.0,7.21,3.67,0.0,0.0,0.0,1777.0,1.56,2.308,2.0,3M Zn(CF3SO3)2,stainless-steel mesh,1.5,1.7,50.0,64.2
660.0,8.35,2.41,0.0,0.0,0.0,2511.0,2.17,1.173,2.07,3M Zn(CF3SO3)2,stainless-steel mesh,1.5,1.7,0.1,191.4
661.0,8.35,2.41,0.0,0.0,0.0,2511.0,2.17,1.173,2.07,3M Zn(CF3SO3)2,stainless-steel mesh,1.5,1.7,0.2,167.7
662.0,8.35,2.41,0.0,0.0,0.0,2511.0,2.17,1.173,2.07,3M Zn(CF3SO3)2,stainless-steel mesh,1.5,1.7,0.5,149.1
663.0,8.35,2.41,0.0,0.0,0.0,2511.0,2.17,1.173,2.07,3M Zn(CF3SO3)2,stainless-steel mesh,1.5,1.7,1.0,138.4
664.0,8.35,2.41,0.0,0.0,0.0,2511.0,2.17,1.173,2.07,3M Zn(CF3SO3)2,stainless-steel mesh,1.5,1.7,2.0,130.8
665.0,8.35,2.41,0.0,0.0,0.0,2511.0,2.17,1.173,2.07,3M Zn(CF3SO3)2,stainless-steel mesh,1.5,1.7,5.0,123.6
666.0,8.35,2.41,0.0,0.0,0.0,2511.0,2.17,1.173,2.07,3M Zn(CF3SO3)2,stainless-steel mesh,1.5,1.7,10.0,116.7
667.0,8.35,2.41,0.0,0.0,0.0,2511.0,2.17,1.173,2.07,3M Zn(CF3SO3)2,stainless-steel mesh,1.5,1.7,20.0,113.8
668.0,8.35,2.41,0.0,0.0,0.0,2511.0,2.17,1.173,2.07,3M Zn(CF3SO3)2,stainless-steel mesh,1.5,1.7,40.0,105.6
669.0,8.35,2.41,0.0,0.0,0.0,2511.0,2.17,1.173,2.07,3M Zn(CF3SO3)2,stainless-steel mesh,1.5,1.7,50.0,99.9
670.0,6.98,2.3,0.0,0.0,0.0,2353.0,2.14,0.779,2.18,3M Zn(CF3SO3)2,stainless-steel mesh,1.5,1.7,0.1,158.6
671.0,6.98,2.3,0.0,0.0,0.0,2353.0,2.14,0.779,2.18,3M Zn(CF3SO3)2,stainless-steel mesh,1.5,1.7,0.2,127.2
672.0,6.98,2.3,0.0,0.0,0.0,2353.0,2.14,0.779,2.18,3M Zn(CF3SO3)2,stainless-steel mesh,1.5,1.7,0.5,112.1
673.0,6.98,2.3,0.0,0.0,0.0,2353.0,2.14,0.779,2.18,3M Zn(CF3SO3)2,stainless-steel mesh,1.5,1.7,1.0,104.0
674.0,6.98,2.3,0.0,0.0,0.0,2353.0,2.14,0.779,2.18,3M Zn(CF3SO3)2,stainless-steel mesh,1.5,1.7,2.0,99.3
675.0,6.98,2.3,0.0,0.0,0.0,2353.0,2.14,0.779,2.18,3M Zn(CF3SO3)2,stainless-steel mesh,1.5,1.7,5.0,91.6
676.0,6.98,2.3,0.0,0.0,0.0,2353.0,2.14,0.779,2.18,3M Zn(CF3SO3)2,stainless-steel mesh,1.5,1.7,10.0,86.2
677.0,6.98,2.3,0.0,0.0,0.0,2353.0,2.14,0.779,2.18,3M Zn(CF3SO3)2,stainless-steel mesh,1.5,1.7,20.0,81.6
678.0,6.98,2.3,0.0,0.0,0.0,2353.0,2.14,0.779,2.18,3M Zn(CF3SO3)2,stainless-steel mesh,1.5,1.7,40.0,76.1
679.0,6.98,2.3,0.0,0.0,0.0,2353.0,2.14,0.779,2.18,3M Zn(CF3SO3)2,stainless-steel mesh,1.5,1.7,50.0,73.9
680.0,15.55,2.61,0.0,0.0,0.0,3139.2,1.74,1.25974025974026,1.02,2M ZnSO4,graphite paper,1.0,1.6,0.1,189.4
681.0,15.55,2.61,0.0,0.0,0.0,3139.2,1.74,1.25974025974026,1.02,2M ZnSO4,graphite paper,1.0,1.6,0.2,155.0
682.0,15.55,2.61,0.0,0.0,0.0,3139.2,1.74,1.25974025974026,1.02,2M ZnSO4,graphite paper,1.0,1.6,0.5,136.6
683.0,15.55,2.61,0.0,0.0,0.0,3139.2,1.74,1.25974025974026,1.02,2M ZnSO4,graphite paper,1.0,1.6,1.0,126.1
684.0,15.55,2.61,0.0,0.0,0.0,3139.2,1.74,1.25974025974026,1.02,2M ZnSO4,graphite paper,1.0,1.6,2.0,117.1
685.0,15.55,2.61,0.0,0.0,0.0,3139.2,1.74,1.25974025974026,1.02,2M ZnSO4,graphite paper,1.0,1.6,3.0,112.5
686.0,15.55,2.61,0.0,0.0,0.0,3139.2,1.74,1.25974025974026,1.02,2M ZnSO4,graphite paper,1.0,1.6,4.0,109.3
687.0,15.55,2.61,0.0,0.0,0.0,3139.2,1.74,1.25974025974026,1.02,2M ZnSO4,graphite paper,1.0,1.6,5.0,106.7
688.0,15.55,2.61,0.0,0.0,0.0,3139.2,1.74,1.25974025974026,1.02,2M ZnSO4,graphite paper,1.0,1.6,7.0,103.6
689.0,15.55,2.61,0.0,0.0,0.0,3139.2,1.74,1.25974025974026,1.02,2M ZnSO4,graphite paper,1.0,1.6,10.0,100.0
690.0,15.55,2.61,0.0,0.0,0.0,3139.2,1.74,1.25974025974026,1.02,2M ZnSO4,graphite paper,1.0,1.6,14.0,97.2
691.0,15.55,2.61,0.0,0.0,0.0,3139.2,1.74,1.25974025974026,1.02,2M ZnSO4,graphite paper,1.0,1.6,20.0,94.2
692.0,15.55,2.61,0.0,0.0,0.0,3139.2,1.74,1.25974025974026,1.02,2M ZnSO4,graphite paper,1.0,1.6,50.0,84.2
693.0,15.55,2.61,0.0,0.0,0.0,3139.2,1.74,1.25974025974026,1.02,2M ZnSO4,graphite paper,1.0,1.6,70.0,66.9
696.0,12.89,3.05,0.0,0.0,0.0,3224.9,1.93,0.93,0.94,2M ZnSO4,graphite paper,1.0,1.6,0.2,196.8
697.0,12.89,3.05,0.0,0.0,0.0,3224.9,1.93,0.93,0.94,2M ZnSO4,graphite paper,1.0,1.6,0.5,174.3
698.0,12.89,3.05,0.0,0.0,0.0,3224.9,1.93,0.93,0.94,2M ZnSO4,graphite paper,1.0,1.6,1.0,161.1
699.0,12.89,3.05,0.0,0.0,0.0,3224.9,1.93,0.93,0.94,2M ZnSO4,graphite paper,1.0,1.6,2.0,150.8
700.0,12.89,3.05,0.0,0.0,0.0,3224.9,1.93,0.93,0.94,2M ZnSO4,graphite paper,1.0,1.6,3.0,144.4
701.0,12.89,3.05,0.0,0.0,0.0,3224.9,1.93,0.93,0.94,2M ZnSO4,graphite paper,1.0,1.6,4.0,141.2
702.0,12.89,3.05,0.0,0.0,0.0,3224.9,1.93,0.93,0.94,2M ZnSO4,graphite paper,1.0,1.6,5.0,138.6
703.0,12.89,3.05,0.0,0.0,0.0,3224.9,1.93,0.93,0.94,2M ZnSO4,graphite paper,1.0,1.6,7.0,134.0
704.0,12.89,3.05,0.0,0.0,0.0,3224.9,1.93,0.93,0.94,2M ZnSO4,graphite paper,1.0,1.6,10.0,129.3
705.0,12.89,3.05,0.0,0.0,0.0,3224.9,1.93,0.93,0.94,2M ZnSO4,graphite paper,1.0,1.6,14.0,124.5
706.0,12.89,3.05,0.0,0.0,0.0,3224.9,1.93,0.93,0.94,2M ZnSO4,graphite paper,1.0,1.6,20.0,118.7
707.0,12.89,3.05,0.0,0.0,0.0,3224.9,1.93,0.93,0.94,2M ZnSO4,graphite paper,1.0,1.6,50.0,103.0
708.0,12.89,3.05,0.0,0.0,0.0,3224.9,1.93,0.93,0.94,2M ZnSO4,graphite paper,1.0,1.6,70.0,88.8
710.0,10.45,2.44,0.0,0.0,0.0,2993.2,1.71,1.1375,0.91,2M ZnSO4,graphite paper,1.0,1.6,0.1,193.0
711.0,10.45,2.44,0.0,0.0,0.0,2993.2,1.71,1.1375,0.91,2M ZnSO4,graphite paper,1.0,1.6,0.2,160.1
712.0,10.45,2.44,0.0,0.0,0.0,2993.2,1.71,1.1375,0.91,2M ZnSO4,graphite paper,1.0,1.6,0.5,141.2
713.0,10.45,2.44,0.0,0.0,0.0,2993.2,1.71,1.1375,0.91,2M ZnSO4,graphite paper,1.0,1.6,1.0,129.3
714.0,10.45,2.44,0.0,0.0,0.0,2993.2,1.71,1.1375,0.91,2M ZnSO4,graphite paper,1.0,1.6,2.0,120.9
715.0,10.45,2.44,0.0,0.0,0.0,2993.2,1.71,1.1375,0.91,2M ZnSO4,graphite paper,1.0,1.6,3.0,116.7
716.0,10.45,2.44,0.0,0.0,0.0,2993.2,1.71,1.1375,0.91,2M ZnSO4,graphite paper,1.0,1.6,4.0,112.9
717.0,10.45,2.44,0.0,0.0,0.0,2993.2,1.71,1.1375,0.91,2M ZnSO4,graphite paper,1.0,1.6,5.0,110.9
718.0,10.45,2.44,0.0,0.0,0.0,2993.2,1.71,1.1375,0.91,2M ZnSO4,graphite paper,1.0,1.6,7.0,108.3
719.0,10.45,2.44,0.0,0.0,0.0,2993.2,1.71,1.1375,0.91,2M ZnSO4,graphite paper,1.0,1.6,10.0,104.5
720.0,10.45,2.44,0.0,0.0,0.0,2993.2,1.71,1.1375,0.91,2M ZnSO4,graphite paper,1.0,1.6,14.0,102.0
721.0,10.45,2.44,0.0,0.0,0.0,2993.2,1.71,1.1375,0.91,2M ZnSO4,graphite paper,1.0,1.6,20.0,99.4
722.0,10.45,2.44,0.0,0.0,0.0,2993.2,1.71,1.1375,0.91,2M ZnSO4,graphite paper,1.0,1.6,50.0,91.0
723.0,10.45,2.44,0.0,0.0,0.0,2993.2,1.71,1.1375,0.91,2M ZnSO4,graphite paper,1.0,1.6,70.0,79.4
725.0,6.2,1.6,0.0,0.0,0.0,2691.29,1.77,0.487394957983193,1.088,2M ZnSO4,stainless-steel mesh,1.1,1.79,0.1,189.3
726.0,6.2,1.6,0.0,0.0,0.0,2691.29,1.77,0.487394957983193,1.088,2M ZnSO4,stainless-steel mesh,1.1,1.79,0.2,160.1
727.0,6.2,1.6,0.0,0.0,0.0,2691.29,1.77,0.487394957983193,1.088,2M ZnSO4,stainless-steel mesh,1.1,1.79,0.5,133.8
728.0,6.2,1.6,0.0,0.0,0.0,2691.29,1.77,0.487394957983193,1.088,2M ZnSO4,stainless-steel mesh,1.1,1.79,1.0,123.8
729.0,6.2,1.6,0.0,0.0,0.0,2691.29,1.77,0.487394957983193,1.088,2M ZnSO4,stainless-steel mesh,1.1,1.79,2.0,116.1
730.0,6.2,1.6,0.0,0.0,0.0,2691.29,1.77,0.487394957983193,1.088,2M ZnSO4,stainless-steel mesh,1.1,1.79,5.0,106.5
731.0,6.2,1.6,0.0,0.0,0.0,2691.29,1.77,0.487394957983193,1.088,2M ZnSO4,stainless-steel mesh,1.1,1.79,10.0,101.1
732.0,6.2,1.6,0.0,0.0,0.0,2691.29,1.77,0.487394957983193,1.088,2M ZnSO4,stainless-steel mesh,1.1,1.79,20.0,96.7
733.0,8.2,0.0,0.0,0.0,0.0,1500.0,0.78,2.25,1.01,1M ZnSO4,stainless-steel mesh,2.0,1.6,0.5,89.3333333333333
734.0,8.2,0.0,0.0,0.0,0.0,1500.0,0.78,2.25,1.01,1M ZnSO4,stainless-steel mesh,2.0,1.6,1.0,80.4444444444444
735.0,8.2,0.0,0.0,0.0,0.0,1500.0,0.78,2.25,1.01,1M ZnSO4,stainless-steel mesh,2.0,1.6,2.0,76.4444444444444
736.0,8.2,0.0,0.0,0.0,0.0,1500.0,0.78,2.25,1.01,1M ZnSO4,stainless-steel mesh,2.0,1.6,5.0,71.1111111111111
737.0,8.2,0.0,0.0,0.0,0.0,1500.0,0.78,2.25,1.01,1M ZnSO4,stainless-steel mesh,2.0,1.6,10.0,65.7777777777778
738.0,8.2,0.0,0.0,0.0,0.0,1500.0,0.78,2.25,1.01,1M ZnSO4,stainless-steel mesh,2.0,1.6,20.0,58.2222222222222
739.0,8.2,0.0,0.0,0.0,0.0,1500.0,0.78,2.25,1.01,1M ZnSO4,stainless-steel mesh,2.0,1.6,50.0,44.8888888888889
741.0,6.3,0.0,0.0,0.0,0.0,1886.0,0.93,2.444,1.04,1M ZnSO4,stainless-steel mesh,2.0,1.6,0.5,81.7777777777778
742.0,6.3,0.0,0.0,0.0,0.0,1886.0,0.93,2.444,1.04,1M ZnSO4,stainless-steel mesh,2.0,1.6,1.0,76.0
743.0,6.3,0.0,0.0,0.0,0.0,1886.0,0.93,2.444,1.04,1M ZnSO4,stainless-steel mesh,2.0,1.6,2.0,67.1111111111111
744.0,6.3,0.0,0.0,0.0,0.0,1886.0,0.93,2.444,1.04,1M ZnSO4,stainless-steel mesh,2.0,1.6,5.0,62.2222222222222
745.0,6.3,0.0,0.0,0.0,0.0,1886.0,0.93,2.444,1.04,1M ZnSO4,stainless-steel mesh,2.0,1.6,10.0,56.4444444444444
746.0,6.3,0.0,0.0,0.0,0.0,1886.0,0.93,2.444,1.04,1M ZnSO4,stainless-steel mesh,2.0,1.6,20.0,50.6666666666667
747.0,6.3,0.0,0.0,0.0,0.0,1886.0,0.93,2.444,1.04,1M ZnSO4,stainless-steel mesh,2.0,1.6,50.0,40.8888888888889
749.0,6.8,0.0,0.0,0.0,0.0,1410.0,0.77,1.75,1.09,1M ZnSO4,stainless-steel mesh,2.0,1.6,0.5,136.888888888889
750.0,6.8,0.0,0.0,0.0,0.0,1410.0,0.77,1.75,1.09,1M ZnSO4,stainless-steel mesh,2.0,1.6,1.0,113.333333333333
751.0,6.8,0.0,0.0,0.0,0.0,1410.0,0.77,1.75,1.09,1M ZnSO4,stainless-steel mesh,2.0,1.6,2.0,102.222222222222
752.0,6.8,0.0,0.0,0.0,0.0,1410.0,0.77,1.75,1.09,1M ZnSO4,stainless-steel mesh,2.0,1.6,5.0,92.4444444444444
753.0,6.8,0.0,0.0,0.0,0.0,1410.0,0.77,1.75,1.09,1M ZnSO4,stainless-steel mesh,2.0,1.6,10.0,85.7777777777778
754.0,6.8,0.0,0.0,0.0,0.0,1410.0,0.77,1.75,1.09,1M ZnSO4,stainless-steel mesh,2.0,1.6,20.0,79.1111111111111
755.0,6.8,0.0,0.0,0.0,0.0,1410.0,0.77,1.75,1.09,1M ZnSO4,stainless-steel mesh,2.0,1.6,50.0,72.0
757.0,4.3,0.0,0.0,0.0,0.0,1655.0,0.81,2.522,1.05,1M ZnSO4,stainless-steel mesh,2.0,1.6,0.5,73.3333333333333
758.0,4.3,0.0,0.0,0.0,0.0,1655.0,0.81,2.522,1.05,1M ZnSO4,stainless-steel mesh,2.0,1.6,1.0,64.4444444444444
759.0,4.3,0.0,0.0,0.0,0.0,1655.0,0.81,2.522,1.05,1M ZnSO4,stainless-steel mesh,2.0,1.6,2.0,59.1111111111111
760.0,4.3,0.0,0.0,0.0,0.0,1655.0,0.81,2.522,1.05,1M ZnSO4,stainless-steel mesh,2.0,1.6,5.0,54.6666666666667
761.0,4.3,0.0,0.0,0.0,0.0,1655.0,0.81,2.522,1.05,1M ZnSO4,stainless-steel mesh,2.0,1.6,10.0,51.5555555555556
762.0,4.3,0.0,0.0,0.0,0.0,1655.0,0.81,2.522,1.05,1M ZnSO4,stainless-steel mesh,2.0,1.6,20.0,45.3333333333333
763.0,4.3,0.0,0.0,0.0,0.0,1655.0,0.81,2.522,1.05,1M ZnSO4,stainless-steel mesh,2.0,1.6,50.0,41.7777777777778
765.0,11.54,0.0,0.0,0.47,0.0,2813.0,1.82,1.755,1.01,2M ZnSO4,Carbon cloth,1.5,1.6,0.5,194.0
766.0,11.54,0.0,0.0,0.47,0.0,2813.0,1.82,1.755,1.01,2M ZnSO4,Carbon cloth,1.5,1.6,1.0,172.0
767.0,11.54,0.0,0.0,0.47,0.0,2813.0,1.82,1.755,1.01,2M ZnSO4,Carbon cloth,1.5,1.6,2.0,152.0
768.0,11.54,0.0,0.0,0.47,0.0,2813.0,1.82,1.755,1.01,2M ZnSO4,Carbon cloth,1.5,1.6,4.0,138.0
769.0,11.54,0.0,0.0,0.47,0.0,2813.0,1.82,1.755,1.01,2M ZnSO4,Carbon cloth,1.5,1.6,6.0,129.0
770.0,11.54,0.0,0.0,0.47,0.0,2813.0,1.82,1.755,1.01,2M ZnSO4,Carbon cloth,1.5,1.6,8.0,123.0
771.0,11.54,0.0,0.0,0.47,0.0,2813.0,1.82,1.755,1.01,2M ZnSO4,Carbon cloth,1.5,1.6,10.0,119.0
772.0,11.54,0.0,0.0,0.47,0.0,2813.0,1.82,1.755,1.01,2M ZnSO4,Carbon cloth,1.5,1.6,15.0,113.0
773.0,11.54,0.0,0.0,0.47,0.0,2813.0,1.82,1.755,1.01,2M ZnSO4,Carbon cloth,1.5,1.6,20.0,108.0
774.0,11.54,0.0,0.0,0.47,0.0,2813.0,1.82,1.755,1.01,2M ZnSO4,Carbon cloth,1.5,1.6,30.0,102.0
783.0,6.82,2.11,0.0,0.0,0.0,3407.6,1.953,0.416243654822335,2.41,2M ZnSO4,stainless-steel mesh,1.0,1.6,0.5,194.4
784.0,6.82,2.11,0.0,0.0,0.0,3407.6,1.953,0.416243654822335,2.41,2M ZnSO4,stainless-steel mesh,1.0,1.6,1.0,178.5
785.0,6.82,2.11,0.0,0.0,0.0,3407.6,1.953,0.416243654822335,2.41,2M ZnSO4,stainless-steel mesh,1.0,1.6,2.0,165.5
786.0,6.82,2.11,0.0,0.0,0.0,3407.6,1.953,0.416243654822335,2.41,2M ZnSO4,stainless-steel mesh,1.0,1.6,5.0,147.4
787.0,6.82,2.11,0.0,0.0,0.0,3407.6,1.953,0.416243654822335,2.41,2M ZnSO4,stainless-steel mesh,1.0,1.6,10.0,131.8
788.0,6.82,2.11,0.0,0.0,0.0,3407.6,1.953,0.416243654822335,2.41,2M ZnSO4,stainless-steel mesh,1.0,1.6,20.0,113.7
789.0,6.82,2.11,0.0,0.0,0.0,3407.6,1.953,0.416243654822335,2.41,2M ZnSO4,stainless-steel mesh,1.0,1.6,30.0,102.5
790.0,6.82,2.11,0.0,0.0,0.0,3407.6,1.953,0.416243654822335,2.41,2M ZnSO4,stainless-steel mesh,1.0,1.6,60.0,77.9
791.0,7.48,2.67,0.0,0.0,0.0,3553.1,2.071,0.363396971691903,2.79,2M ZnSO4,stainless-steel mesh,1.0,1.6,0.5,199.1
792.0,7.48,2.67,0.0,0.0,0.0,3553.1,2.071,0.363396971691903,2.79,2M ZnSO4,stainless-steel mesh,1.0,1.6,1.0,183.0
793.0,7.48,2.67,0.0,0.0,0.0,3553.1,2.071,0.363396971691903,2.79,2M ZnSO4,stainless-steel mesh,1.0,1.6,2.0,172.4
794.0,7.48,2.67,0.0,0.0,0.0,3553.1,2.071,0.363396971691903,2.79,2M ZnSO4,stainless-steel mesh,1.0,1.6,5.0,159.6
795.0,7.48,2.67,0.0,0.0,0.0,3553.1,2.071,0.363396971691903,2.79,2M ZnSO4,stainless-steel mesh,1.0,1.6,10.0,150.3
796.0,7.48,2.67,0.0,0.0,0.0,3553.1,2.071,0.363396971691903,2.79,2M ZnSO4,stainless-steel mesh,1.0,1.6,20.0,139.9
797.0,7.48,2.67,0.0,0.0,0.0,3553.1,2.071,0.363396971691903,2.79,2M ZnSO4,stainless-steel mesh,1.0,1.6,30.0,130.1
798.0,7.48,2.67,0.0,0.0,0.0,3553.1,2.071,0.363396971691903,2.79,2M ZnSO4,stainless-steel mesh,1.0,1.6,60.0,118.8
799.0,7.48,2.67,0.0,0.0,0.0,3553.1,2.071,0.363396971691903,2.79,2M ZnSO4,stainless-steel mesh,3.0,1.6,0.5,134.3
800.0,7.48,2.67,0.0,0.0,0.0,3553.1,2.071,0.363396971691903,2.79,2M ZnSO4,stainless-steel mesh,5.0,1.6,0.5,112.6
801.0,7.48,2.67,0.0,0.0,0.0,3553.1,2.071,0.363396971691903,2.79,2M ZnSO4,stainless-steel mesh,10.0,1.6,0.5,103.4
805.0,6.93,1.98,0.0,0.0,0.0,3415.3,2.482,0.190407673860911,2.82,2M ZnSO4,stainless-steel mesh,1.0,1.6,0.5,169.3
806.0,6.93,1.98,0.0,0.0,0.0,3415.3,2.482,0.190407673860911,2.82,2M ZnSO4,stainless-steel mesh,1.0,1.6,1.0,155.4
807.0,6.93,1.98,0.0,0.0,0.0,3415.3,2.482,0.190407673860911,2.82,2M ZnSO4,stainless-steel mesh,1.0,1.6,2.0,144.7
808.0,6.93,1.98,0.0,0.0,0.0,3415.3,2.482,0.190407673860911,2.82,2M ZnSO4,stainless-steel mesh,1.0,1.6,5.0,134.0
809.0,6.93,1.98,0.0,0.0,0.0,3415.3,2.482,0.190407673860911,2.82,2M ZnSO4,stainless-steel mesh,1.0,1.6,10.0,125.7
810.0,6.93,1.98,0.0,0.0,0.0,3415.3,2.482,0.190407673860911,2.82,2M ZnSO4,stainless-steel mesh,1.0,1.6,20.0,118.9
811.0,6.93,1.98,0.0,0.0,0.0,3415.3,2.482,0.190407673860911,2.82,2M ZnSO4,stainless-steel mesh,1.0,1.6,30.0,114.5
812.0,6.93,1.98,0.0,0.0,0.0,3415.3,2.482,0.190407673860911,2.82,2M ZnSO4,stainless-steel mesh,1.0,1.6,60.0,105.9
