Index,O,N,Specific surface area,Pore volume,Rmic/mes,ID/IG,Electrolyte,Current collector,Active mass loading,Potential window,Current density,target,Dopants
14.0,7.15,3.52,1546.1,0.5753,14.558,1.029,2M ZnSO4,carbon cloth,1.0,1.6,0.1,85.0,0
15.0,8.12,3.79,1315.2,0.5116,9.33,1.038,2M ZnSO4,carbon cloth,1.0,1.6,0.1,114.0,1
21.0,21.55,3.29,1140.8,0.86,0.157,0.82,1M Zn(CF3SO3)2,stainless-steel mesh,2.5,1.8,0.1,90.2,0
22.0,21.55,3.29,1140.8,0.86,0.157,0.82,1M Zn(CF3SO3)2,stainless-steel mesh,2.5,1.8,0.25,86.3,0
23.0,21.55,3.29,1140.8,0.86,0.157,0.82,1M Zn(CF3SO3)2,stainless-steel mesh,2.5,1.8,0.5,79.9,0
24.0,21.55,3.29,1140.8,0.86,0.157,0.82,1M Zn(CF3SO3)2,stainless-steel mesh,2.5,1.8,1.0,70.3,0
25.0,21.55,3.29,1140.8,0.86,0.157,0.82,1M Zn(CF3SO3)2,stainless-steel mesh,2.5,1.8,2.0,64.8,0
26.0,21.55,3.29,1140.8,0.86,0.157,0.82,1M Zn(CF3SO3)2,stainless-steel mesh,2.5,1.8,5.0,51.5,0
27.0,21.55,3.29,1140.8,0.86,0.157,0.82,1M Zn(CF3SO3)2,stainless-steel mesh,2.5,1.8,10.0,38.5,0
28.0,21.55,3.29,1140.8,0.86,0.157,0.82,1M Zn(CF3SO3)2,stainless-steel mesh,2.5,1.8,20.0,23.3,0
29.0,17.66,3.01,508.0,0.34,0.099,0.86,1M Zn(CF3SO3)2,stainless-steel mesh,2.5,1.8,0.1,69.1,1
30.0,17.66,3.01,508.0,0.34,0.099,0.86,1M Zn(CF3SO3)2,stainless-steel mesh,2.5,1.8,0.25,60.1,1
31.0,17.66,3.01,508.0,0.34,0.099,0.86,1M Zn(CF3SO3)2,stainless-steel mesh,2.5,1.8,0.5,56.4,1
32.0,17.66,3.01,508.0,0.34,0.099,0.86,1M Zn(CF3SO3)2,stainless-steel mesh,2.5,1.8,1.0,47.4,1
33.0,17.66,3.01,508.0,0.34,0.099,0.86,1M Zn(CF3SO3)2,stainless-steel mesh,2.5,1.8,2.0,40.9,1
34.0,17.66,3.01,508.0,0.34,0.099,0.86,1M Zn(CF3SO3)2,stainless-steel mesh,2.5,1.8,5.0,34.2,1
35.0,17.66,3.01,508.0,0.34,0.099,0.86,1M Zn(CF3SO3)2,stainless-steel mesh,2.5,1.8,10.0,19.8,1
36.0,17.66,3.01,508.0,0.34,0.099,0.86,1M Zn(CF3SO3)2,stainless-steel mesh,2.5,1.8,20.0,9.5,1
37.0,16.08,2.82,1384.7,0.97,0.17,0.89,1M Zn(CF3SO3)2,stainless-steel mesh,2.5,1.8,0.1,136.3,1
38.0,16.08,2.82,1384.7,0.97,0.17,0.89,1M Zn(CF3SO3)2,stainless-steel mesh,2.5,1.8,0.25,126.4,1
39.0,16.08,2.82,1384.7,0.97,0.17,0.89,1M Zn(CF3SO3)2,stainless-steel mesh,2.5,1.8,0.5,120.3,1
40.0,16.08,2.82,1384.7,0.97,0.17,0.89,1M Zn(CF3SO3)2,stainless-steel mesh,2.5,1.8,1.0,112.6,1
41.0,16.08,2.82,1384.7,0.97,0.17,0.89,1M Zn(CF3SO3)2,stainless-steel mesh,2.5,1.8,2.0,108.4,1
42.0,16.08,2.82,1384.7,0.97,0.17,0.89,1M Zn(CF3SO3)2,stainless-steel mesh,2.5,1.8,5.0,100.4,1
43.0,16.08,2.82,1384.7,0.97,0.17,0.89,1M Zn(CF3SO3)2,stainless-steel mesh,2.5,1.8,10.0,94.5,1
44.0,16.08,2.82,1384.7,0.97,0.17,0.89,1M Zn(CF3SO3)2,stainless-steel mesh,2.5,1.8,20.0,86.5,1
53.0,8.2,5.3,879.0,0.447,1.54,2.27,2M ZnSO4,stainless-steel foil,1.0,1.6,0.1,136.8,0
54.0,8.2,5.3,879.0,0.447,1.54,2.27,2M ZnSO4,stainless-steel foil,1.0,1.6,0.5,110.9,0
55.0,8.2,5.3,879.0,0.447,1.54,2.27,2M ZnSO4,stainless-steel foil,1.0,1.6,1.0,102.6,0
56.0,8.2,5.3,879.0,0.447,1.54,2.27,2M ZnSO4,stainless-steel foil,1.0,1.6,5.0,76.1,0
57.0,8.2,5.3,879.0,0.447,1.54,2.27,2M ZnSO4,stainless-steel foil,1.0,1.6,10.0,66.5,0
58.0,5.68,1.49,1640.1,1.41,0.489,0.95,2M ZnSO4,Nickel foam,2.0,1.6,0.05,109.66,0
59.0,5.68,1.49,1640.1,1.41,0.489,0.95,2M ZnSO4,Nickel foam,2.0,1.6,0.1,93.3,0
60.0,5.68,1.49,1640.1,1.41,0.489,0.95,2M ZnSO4,Nickel foam,2.0,1.6,0.2,84.6,0
61.0,5.68,1.49,1640.1,1.41,0.489,0.95,2M ZnSO4,Nickel foam,2.0,1.6,0.3,81.0,0
62.0,5.68,1.49,1640.1,1.41,0.489,0.95,2M ZnSO4,Nickel foam,2.0,1.6,0.5,76.3,0
63.0,5.68,1.49,1640.1,1.41,0.489,0.95,2M ZnSO4,Nickel foam,2.0,1.6,1.0,71.6,0
64.0,5.68,1.49,1640.1,1.41,0.489,0.95,2M ZnSO4,Nickel foam,2.0,1.6,2.0,67.6,0
65.0,5.68,1.49,1640.1,1.41,0.489,0.95,2M ZnSO4,Nickel foam,2.0,1.6,3.0,65.1,0
66.0,5.68,1.49,1640.1,1.41,0.489,0.95,2M ZnSO4,Nickel foam,2.0,1.6,5.0,62.4,0
67.0,5.68,1.49,1640.1,1.41,0.489,0.95,2M ZnSO4,Nickel foam,2.0,1.6,10.0,59.5,0
68.0,5.68,1.49,1640.1,1.41,0.489,0.95,2M ZnSO4,Nickel foam,2.0,1.6,15.0,58.4,0
69.0,5.68,1.49,1640.1,1.41,0.489,0.95,2M ZnSO4,Nickel foam,2.0,1.6,20.0,57.1,0
70.0,11.5,6.7,642.0,1.03,0.17,0.964,1M ZnSO4,stainless-steel mesh,2.0,1.6,0.1,133.7,0
71.0,11.5,6.7,642.0,1.03,0.17,0.964,1M ZnSO4,stainless-steel mesh,2.0,1.6,0.2,102.5,0
72.0,11.5,6.7,642.0,1.03,0.17,0.964,1M ZnSO4,stainless-steel mesh,2.0,1.6,0.5,84.3,0
73.0,11.5,6.7,642.0,1.03,0.17,0.964,1M ZnSO4,stainless-steel mesh,2.0,1.6,1.0,75.0,0
74.0,11.5,6.7,642.0,1.03,0.17,0.964,1M ZnSO4,stainless-steel mesh,2.0,1.6,2.0,69.1,0
75.0,11.5,6.7,642.0,1.03,0.17,0.964,1M ZnSO4,stainless-steel mesh,2.0,1.6,5.0,61.7,0
76.0,11.5,6.7,642.0,1.03,0.17,0.964,1M ZnSO4,stainless-steel mesh,2.0,1.6,10.0,56.6,0
77.0,11.5,6.7,642.0,1.03,0.17,0.964,1M ZnSO4,stainless-steel mesh,2.0,1.6,20.0,51.9,0
78.0,11.5,6.7,642.0,1.03,0.17,0.964,1M ZnSO4,stainless-steel mesh,2.0,1.6,50.0,45.6,0
79.0,11.5,6.7,642.0,1.03,0.17,0.964,1M ZnSO4,stainless-steel mesh,2.0,1.6,100.0,39.7,0
80.0,11.5,6.7,642.0,1.03,0.17,0.964,1M ZnSO4,stainless-steel mesh,2.0,1.6,200.0,30.6,0
81.0,14.9,3.1,620.0,0.86,0.178,0.962,1M ZnSO4,stainless-steel mesh,2.0,1.6,0.1,104.4,0
82.0,14.9,3.1,620.0,0.86,0.178,0.962,1M ZnSO4,stainless-steel mesh,2.0,1.6,0.2,83.0,0
83.0,14.9,3.1,620.0,0.86,0.178,0.962,1M ZnSO4,stainless-steel mesh,2.0,1.6,0.5,69.7,0
84.0,14.9,3.1,620.0,0.86,0.178,0.962,1M ZnSO4,stainless-steel mesh,2.0,1.6,1.0,61.7,0
85.0,14.9,3.1,620.0,0.86,0.178,0.962,1M ZnSO4,stainless-steel mesh,2.0,1.6,2.0,56.0,0
86.0,14.9,3.1,620.0,0.86,0.178,0.962,1M ZnSO4,stainless-steel mesh,2.0,1.6,5.0,50.4,0
87.0,14.9,3.1,620.0,0.86,0.178,0.962,1M ZnSO4,stainless-steel mesh,2.0,1.6,10.0,46.6,0
88.0,14.9,3.1,620.0,0.86,0.178,0.962,1M ZnSO4,stainless-steel mesh,2.0,1.6,20.0,43.7,0
89.0,14.9,3.1,620.0,0.86,0.178,0.962,1M ZnSO4,stainless-steel mesh,2.0,1.6,50.0,39.1,0
90.0,14.9,3.1,620.0,0.86,0.178,0.962,1M ZnSO4,stainless-steel mesh,2.0,1.6,100.0,35.4,0
91.0,14.9,3.1,620.0,0.86,0.178,0.962,1M ZnSO4,stainless-steel mesh,2.0,1.6,200.0,30.4,0
92.0,11.2,4.2,697.0,0.83,0.277,0.958,1M ZnSO4,stainless-steel mesh,2.0,1.6,0.1,92.4,0
93.0,11.2,4.2,697.0,0.83,0.277,0.958,1M ZnSO4,stainless-steel mesh,2.0,1.6,0.2,73.1,0
94.0,11.2,4.2,697.0,0.83,0.277,0.958,1M ZnSO4,stainless-steel mesh,2.0,1.6,0.5,62.4,0
95.0,11.2,4.2,697.0,0.83,0.277,0.958,1M ZnSO4,stainless-steel mesh,2.0,1.6,1.0,56.0,0
96.0,11.2,4.2,697.0,0.83,0.277,0.958,1M ZnSO4,stainless-steel mesh,2.0,1.6,2.0,51.3,0
97.0,11.2,4.2,697.0,0.83,0.277,0.958,1M ZnSO4,stainless-steel mesh,2.0,1.6,5.0,45.7,0
98.0,11.2,4.2,697.0,0.83,0.277,0.958,1M ZnSO4,stainless-steel mesh,2.0,1.6,10.0,42.3,0
99.0,11.2,4.2,697.0,0.83,0.277,0.958,1M ZnSO4,stainless-steel mesh,2.0,1.6,20.0,38.9,0
100.0,11.2,4.2,697.0,0.83,0.277,0.958,1M ZnSO4,stainless-steel mesh,2.0,1.6,50.0,33.3,0
101.0,11.2,4.2,697.0,0.83,0.277,0.958,1M ZnSO4,stainless-steel mesh,2.0,1.6,100.0,28.7,0
102.0,11.2,4.2,697.0,0.83,0.277,0.958,1M ZnSO4,stainless-steel mesh,2.0,1.6,200.0,27.2,0
103.0,12.04,8.29,1530.9,0.96,0.627,0.86,1M Zn(CF3SO3)2,freestanding,2.4,1.6,0.1,204.7,0
104.0,12.04,8.29,1530.9,0.96,0.627,0.86,1M Zn(CF3SO3)2,freestanding,2.4,1.6,0.2,181.5,0
105.0,12.04,8.29,1530.9,0.96,0.627,0.86,1M Zn(CF3SO3)2,freestanding,2.4,1.6,0.5,165.9,0
106.0,12.04,8.29,1530.9,0.96,0.627,0.86,1M Zn(CF3SO3)2,freestanding,2.4,1.6,1.0,152.7,0
107.0,12.04,8.29,1530.9,0.96,0.627,0.86,1M Zn(CF3SO3)2,freestanding,2.4,1.6,2.0,141.1,0
108.0,12.04,8.29,1530.9,0.96,0.627,0.86,1M Zn(CF3SO3)2,freestanding,2.4,1.6,5.0,134.2,0
109.0,12.04,8.29,1530.9,0.96,0.627,0.86,1M Zn(CF3SO3)2,freestanding,2.4,1.6,10.0,128.6,0
117.0,20.61,3.95,544.83,0.26,4.783,0.96,2M ZnSO4,Titanium foil,2.0,1.8,0.1,134.5,0
118.0,20.61,3.95,544.83,0.26,4.783,0.96,2M ZnSO4,Titanium foil,2.0,1.8,0.2,110.2,0
119.0,20.61,3.95,544.83,0.26,4.783,0.96,2M ZnSO4,Titanium foil,2.0,1.8,0.4,93.0,0
120.0,20.61,3.95,544.83,0.26,4.783,0.96,2M ZnSO4,Titanium foil,2.0,1.8,0.5,86.7,0
121.0,20.61,3.95,544.83,0.26,4.783,0.96,2M ZnSO4,Titanium foil,2.0,1.8,1.0,72.9,0
122.0,20.61,3.95,544.83,0.26,4.783,0.96,2M ZnSO4,Titanium foil,2.0,1.8,2.0,57.0,0
123.0,20.61,3.95,544.83,0.26,4.783,0.96,2M ZnSO4,Titanium foil,2.0,1.8,3.0,48.0,0
124.0,20.61,3.95,544.83,0.26,4.783,0.96,2M ZnSO4,Titanium foil,2.0,1.8,4.0,41.5,0
125.0,18.15,3.51,648.22,0.32,4.516,1.01,2M ZnSO4,Titanium foil,2.0,1.8,0.1,156.54,0
126.0,18.15,3.51,648.22,0.32,4.516,1.01,2M ZnSO4,Titanium foil,2.0,1.8,0.2,132.3,0
127.0,18.15,3.51,648.22,0.32,4.516,1.01,2M ZnSO4,Titanium foil,2.0,1.8,0.3,111.55,0
128.0,18.15,3.51,648.22,0.32,4.516,1.01,2M ZnSO4,Titanium foil,2.0,1.8,0.4,105.4,0
129.0,18.15,3.51,648.22,0.32,4.516,1.01,2M ZnSO4,Titanium foil,2.0,1.8,0.5,98.5,0
130.0,18.15,3.51,648.22,0.32,4.516,1.01,2M ZnSO4,Titanium foil,2.0,1.8,1.0,86.8,0
131.0,18.15,3.51,648.22,0.32,4.516,1.01,2M ZnSO4,Titanium foil,2.0,1.8,2.0,70.5,0
132.0,18.15,3.51,648.22,0.32,4.516,1.01,2M ZnSO4,Titanium foil,2.0,1.8,3.0,59.2,0
133.0,18.15,3.51,648.22,0.32,4.516,1.01,2M ZnSO4,Titanium foil,2.0,1.8,4.0,51.8,0
134.0,15.17,1.8,225.22,0.1,6.714,1.08,2M ZnSO4,Titanium foil,2.0,1.8,0.1,84.5,0
135.0,15.17,1.8,225.22,0.1,6.714,1.08,2M ZnSO4,Titanium foil,2.0,1.8,0.2,63.4,0
136.0,15.17,1.8,225.22,0.1,6.714,1.08,2M ZnSO4,Titanium foil,2.0,1.8,0.4,50.7,0
137.0,15.17,1.8,225.22,0.1,6.714,1.08,2M ZnSO4,Titanium foil,2.0,1.8,0.5,45.0,0
138.0,15.17,1.8,225.22,0.1,6.714,1.08,2M ZnSO4,Titanium foil,2.0,1.8,1.0,34.5,0
139.0,15.17,1.8,225.22,0.1,6.714,1.08,2M ZnSO4,Titanium foil,2.0,1.8,2.0,24.5,0
140.0,15.17,1.8,225.22,0.1,6.714,1.08,2M ZnSO4,Titanium foil,2.0,1.8,3.0,19.7,0
141.0,15.17,1.8,225.22,0.1,6.714,1.08,2M ZnSO4,Titanium foil,2.0,1.8,4.0,17.0,0
142.0,11.92,0.0,2228.0,1.07,1.488,1.5,1M ZnSO4,stainless-steel foil,2.0,1.75,0.2,153.0,0
143.0,11.92,0.0,2228.0,1.07,1.488,1.5,1M ZnSO4,stainless-steel foil,2.0,1.75,0.5,125.0,0
144.0,11.92,0.0,2228.0,1.07,1.488,1.5,1M ZnSO4,stainless-steel foil,2.0,1.75,1.0,110.0,0
145.0,11.92,0.0,2228.0,1.07,1.488,1.5,1M ZnSO4,stainless-steel foil,2.0,1.75,2.0,98.0,0
146.0,11.92,0.0,2228.0,1.07,1.488,1.5,1M ZnSO4,stainless-steel foil,2.0,1.75,5.0,84.0,0
147.0,11.92,0.0,2228.0,1.07,1.488,1.5,1M ZnSO4,stainless-steel foil,2.0,1.75,10.0,75.0,0
148.0,5.5,2.53,947.0,0.54,1.0,0.855,1M ZnSO4,stainless-steel foil,1.5,1.6,0.5,117.9,0
149.0,5.5,2.53,947.0,0.54,1.0,0.855,1M ZnSO4,stainless-steel foil,1.5,1.6,20.0,71.0,0
150.0,3.67,0.0,1175.0,0.71,1.367,0.858,1M ZnSO4,stainless-steel foil,1.5,1.6,0.5,136.2,1
151.0,3.67,0.0,1175.0,0.71,1.367,0.858,1M ZnSO4,stainless-steel foil,1.5,1.6,20.0,75.9,1
152.0,10.41,2.37,899.0,0.52,0.576,0.856,1M ZnSO4,stainless-steel foil,1.5,1.6,0.5,165.9,1
153.0,10.41,2.37,899.0,0.52,0.576,0.856,1M ZnSO4,stainless-steel foil,1.5,1.6,20.0,110.9,1
177.0,9.64,3.44,1624.0,0.918,1.878,0.999,1M ZnSO4,stainless-steel mesh,2.0,1.6,0.1,119.9,0
178.0,9.64,3.44,1624.0,0.918,1.878,0.999,1M ZnSO4,stainless-steel mesh,2.0,1.6,0.2,108.3,0
179.0,9.64,3.44,1624.0,0.918,1.878,0.999,1M ZnSO4,stainless-steel mesh,2.0,1.6,0.5,100.2,0
180.0,9.64,3.44,1624.0,0.918,1.878,0.999,1M ZnSO4,stainless-steel mesh,2.0,1.6,1.0,94.6,0
181.0,9.64,3.44,1624.0,0.918,1.878,0.999,1M ZnSO4,stainless-steel mesh,2.0,1.6,2.0,90.4,0
182.0,9.64,3.44,1624.0,0.918,1.878,0.999,1M ZnSO4,stainless-steel mesh,2.0,1.6,5.0,84.8,0
183.0,9.64,3.44,1624.0,0.918,1.878,0.999,1M ZnSO4,stainless-steel mesh,2.0,1.6,20.0,81.1,0
184.0,8.42,1.64,1949.0,1.133,0.845,0.917,1M ZnSO4,stainless-steel mesh,2.0,1.6,0.1,159.9,0
185.0,8.42,1.64,1949.0,1.133,0.845,0.917,1M ZnSO4,stainless-steel mesh,2.0,1.6,0.2,139.2,0
186.0,8.42,1.64,1949.0,1.133,0.845,0.917,1M ZnSO4,stainless-steel mesh,10.0,1.6,0.5,124.8,0
187.0,8.42,1.64,1949.0,1.133,0.845,0.917,1M ZnSO4,stainless-steel mesh,10.0,1.6,1.0,116.0,0
188.0,8.42,1.64,1949.0,1.133,0.845,0.917,1M ZnSO4,stainless-steel mesh,10.0,1.6,2.0,109.9,0
189.0,8.42,1.64,1949.0,1.133,0.845,0.917,1M ZnSO4,stainless-steel mesh,10.0,1.6,5.0,101.9,0
190.0,8.42,1.64,1949.0,1.133,0.845,0.917,1M ZnSO4,stainless-steel mesh,10.0,1.6,20.0,94.0,0
191.0,5.52,0.89,2276.0,1.331,0.265,0.872,1M ZnSO4,stainless-steel mesh,2.0,1.6,0.1,114.2,0
192.0,5.52,0.89,2276.0,1.331,0.265,0.872,1M ZnSO4,stainless-steel mesh,2.0,1.6,0.2,104.8,0
193.0,5.52,0.89,2276.0,1.331,0.265,0.872,1M ZnSO4,stainless-steel mesh,2.0,1.6,0.5,95.6,0
194.0,5.52,0.89,2276.0,1.331,0.265,0.872,1M ZnSO4,stainless-steel mesh,2.0,1.6,1.0,90.0,0
195.0,5.52,0.89,2276.0,1.331,0.265,0.872,1M ZnSO4,stainless-steel mesh,2.0,1.6,2.0,86.8,0
196.0,5.52,0.89,2276.0,1.331,0.265,0.872,1M ZnSO4,stainless-steel mesh,2.0,1.6,5.0,82.4,0
197.0,5.52,0.89,2276.0,1.331,0.265,0.872,1M ZnSO4,stainless-steel mesh,2.0,1.6,20.0,78.5,0
198.0,7.71,0.0,500.0,0.315,1.645,0.97,1M ZnSO4,stainless-steel mesh,1.2,1.6,0.5,48.3,0
199.0,7.71,0.0,500.0,0.315,1.645,0.97,1M ZnSO4,stainless-steel mesh,1.2,1.6,1.0,43.4,0
200.0,7.71,0.0,500.0,0.315,1.645,0.97,1M ZnSO4,stainless-steel mesh,1.2,1.6,2.0,38.9,0
201.0,7.71,0.0,500.0,0.315,1.645,0.97,1M ZnSO4,stainless-steel mesh,1.2,1.6,3.0,36.5,0
202.0,7.71,0.0,500.0,0.315,1.645,0.97,1M ZnSO4,stainless-steel mesh,1.2,1.6,4.0,34.8,0
203.0,7.71,0.0,500.0,0.315,1.645,0.97,1M ZnSO4,stainless-steel mesh,1.2,1.6,5.0,33.2,0
204.0,7.71,0.0,500.0,0.315,1.645,0.97,1M ZnSO4,stainless-steel mesh,1.2,1.6,7.0,30.2,0
205.0,7.71,0.0,500.0,0.315,1.645,0.97,1M ZnSO4,stainless-steel mesh,1.2,1.6,10.0,26.7,0
206.0,7.71,0.0,500.0,0.315,1.645,0.97,1M ZnSO4,stainless-steel mesh,1.2,1.6,15.0,24.7,0
207.0,7.71,0.0,500.0,0.315,1.645,0.97,1M ZnSO4,stainless-steel mesh,1.2,1.6,20.0,21.6,0
208.0,8.06,0.0,1020.0,0.721,1.36,1.1,1M ZnSO4,stainless-steel mesh,1.2,1.6,0.5,177.7,0
209.0,8.06,0.0,1020.0,0.721,1.36,1.1,1M ZnSO4,stainless-steel mesh,1.2,1.6,1.0,148.5,0
210.0,8.06,0.0,1020.0,0.721,1.36,1.1,1M ZnSO4,stainless-steel mesh,1.2,1.6,2.0,135.5,0
211.0,8.06,0.0,1020.0,0.721,1.36,1.1,1M ZnSO4,stainless-steel mesh,1.2,1.6,3.0,127.9,0
212.0,8.06,0.0,1020.0,0.721,1.36,1.1,1M ZnSO4,stainless-steel mesh,1.2,1.6,4.0,122.1,0
213.0,8.06,0.0,1020.0,0.721,1.36,1.1,1M ZnSO4,stainless-steel mesh,1.2,1.6,5.0,117.0,0
214.0,8.06,0.0,1020.0,0.721,1.36,1.1,1M ZnSO4,stainless-steel mesh,1.2,1.6,7.0,107.5,0
215.0,8.06,0.0,1020.0,0.721,1.36,1.1,1M ZnSO4,stainless-steel mesh,1.2,1.6,10.0,102.9,0
216.0,8.06,0.0,1020.0,0.721,1.36,1.1,1M ZnSO4,stainless-steel mesh,1.2,1.6,15.0,91.3,0
217.0,8.06,0.0,1020.0,0.721,1.36,1.1,1M ZnSO4,stainless-steel mesh,1.2,1.6,20.0,85.5,0
218.0,9.3,0.0,950.0,0.784,1.143,1.18,1M ZnSO4,stainless-steel mesh,1.2,1.6,0.5,108.2,0
219.0,9.3,0.0,950.0,0.784,1.143,1.18,1M ZnSO4,stainless-steel mesh,1.2,1.6,1.0,96.6,0
220.0,9.3,0.0,950.0,0.784,1.143,1.18,1M ZnSO4,stainless-steel mesh,1.2,1.6,2.0,86.9,0
221.0,9.3,0.0,950.0,0.784,1.143,1.18,1M ZnSO4,stainless-steel mesh,1.2,1.6,3.0,82.0,0
222.0,9.3,0.0,950.0,0.784,1.143,1.18,1M ZnSO4,stainless-steel mesh,1.2,1.6,4.0,78.7,0
223.0,9.3,0.0,950.0,0.784,1.143,1.18,1M ZnSO4,stainless-steel mesh,1.2,1.6,5.0,75.2,0
224.0,9.3,0.0,950.0,0.784,1.143,1.18,1M ZnSO4,stainless-steel mesh,1.2,1.6,7.0,72.0,0
225.0,9.3,0.0,950.0,0.784,1.143,1.18,1M ZnSO4,stainless-steel mesh,1.2,1.6,10.0,67.1,0
226.0,9.3,0.0,950.0,0.784,1.143,1.18,1M ZnSO4,stainless-steel mesh,1.2,1.6,15.0,60.5,0
227.0,9.3,0.0,950.0,0.784,1.143,1.18,1M ZnSO4,stainless-steel mesh,1.2,1.6,20.0,57.0,0
237.0,6.99,1.59,2465.9,1.29,1.115,0.912,2M ZnSO4,nickel foam,2.0,1.8,0.05,108.5,0
238.0,6.99,1.59,2465.9,1.29,1.115,0.912,2M ZnSO4,nickel foam,2.0,1.8,0.1,85.9,0
239.0,6.99,1.59,2465.9,1.29,1.115,0.912,2M ZnSO4,nickel foam,2.0,1.8,0.2,73.1,0
240.0,6.99,1.59,2465.9,1.29,1.115,0.912,2M ZnSO4,nickel foam,2.0,1.8,0.3,68.7,0
241.0,6.99,1.59,2465.9,1.29,1.115,0.912,2M ZnSO4,nickel foam,2.0,1.8,0.5,65.0,0
242.0,6.99,1.59,2465.9,1.29,1.115,0.912,2M ZnSO4,nickel foam,2.0,1.8,1.0,60.8,0
243.0,6.99,1.59,2465.9,1.29,1.115,0.912,2M ZnSO4,nickel foam,2.0,1.8,2.0,55.3,0
244.0,6.99,1.59,2465.9,1.29,1.115,0.912,2M ZnSO4,nickel foam,2.0,1.8,3.0,52.7,0
245.0,6.99,1.59,2465.9,1.29,1.115,0.912,2M ZnSO4,nickel foam,2.0,1.8,5.0,49.2,0
246.0,6.99,1.59,2465.9,1.29,1.115,0.912,2M ZnSO4,nickel foam,2.0,1.8,10.0,44.5,0
247.0,6.99,1.59,2465.9,1.29,1.115,0.912,2M ZnSO4,nickel foam,2.0,1.8,15.0,41.6,0
248.0,6.99,1.59,2465.9,1.29,1.115,0.912,2M ZnSO4,nickel foam,2.0,1.8,20.0,41.6,0
249.0,7.87,1.93,3082.0,1.42,1.152,1.72,2M ZnSO4,stainless-steel mesh,1.5,1.6,0.2,142.7,1
250.0,7.87,1.93,3082.0,1.42,1.152,1.72,2M ZnSO4,stainless-steel mesh,1.5,1.6,0.5,125.0,1
251.0,7.87,1.93,3082.0,1.42,1.152,1.72,2M ZnSO4,stainless-steel mesh,1.5,1.6,1.0,109.6,1
252.0,7.87,1.93,3082.0,1.42,1.152,1.72,2M ZnSO4,stainless-steel mesh,1.5,1.6,2.0,97.2,1
253.0,7.87,1.93,3082.0,1.42,1.152,1.72,2M ZnSO4,stainless-steel mesh,1.5,1.6,3.0,89.9,1
254.0,7.87,1.93,3082.0,1.42,1.152,1.72,2M ZnSO4,stainless-steel mesh,1.5,1.6,5.0,82.7,1
255.0,3.9,9.7,844.0,0.41,3.419,0.99,1M ZnSO4,freestanding,1.0,2.0,0.1,189.4,0
256.0,3.9,9.7,844.0,0.41,3.419,0.99,1M ZnSO4,freestanding,1.0,2.0,0.2,154.5,0
257.0,3.9,9.7,844.0,0.41,3.419,0.99,1M ZnSO4,freestanding,1.0,2.0,0.5,131.5,0
258.0,3.9,9.7,844.0,0.41,3.419,0.99,1M ZnSO4,freestanding,1.0,2.0,1.0,130.4,0
259.0,3.9,9.7,844.0,0.41,3.419,0.99,1M ZnSO4,freestanding,1.0,2.0,2.0,117.9,0
260.0,3.9,9.7,844.0,0.41,3.419,0.99,1M ZnSO4,freestanding,1.0,2.0,3.0,112.3,0
261.0,3.9,9.7,844.0,0.41,3.419,0.99,1M ZnSO4,freestanding,1.0,2.0,4.0,107.7,0
262.0,3.9,9.7,844.0,0.41,3.419,0.99,1M ZnSO4,freestanding,1.0,2.0,5.0,104.9,0
263.0,3.9,9.7,844.0,0.41,3.419,0.99,1M ZnSO4,freestanding,1.0,2.0,7.0,102.2,0
264.0,3.9,9.7,844.0,0.41,3.419,0.99,1M ZnSO4,freestanding,1.0,2.0,10.0,100.3,0
281.0,4.81,1.09,972.4,1.67,0.21,0.82,2M ZnSO4,stainless-steel mesh,2.5,1.6,0.2,104.9,0
282.0,4.81,1.09,972.4,1.67,0.21,0.82,2M ZnSO4,stainless-steel mesh,2.5,1.6,0.5,91.0,0
283.0,4.81,1.09,972.4,1.67,0.21,0.82,2M ZnSO4,stainless-steel mesh,2.5,1.6,1.0,84.9,0
284.0,4.81,1.09,972.4,1.67,0.21,0.82,2M ZnSO4,stainless-steel mesh,2.5,1.6,2.0,78.2,0
285.0,4.81,1.09,972.4,1.67,0.21,0.82,2M ZnSO4,stainless-steel mesh,2.5,1.6,3.0,74.2,0
286.0,4.81,1.09,972.4,1.67,0.21,0.82,2M ZnSO4,stainless-steel mesh,2.5,1.6,4.0,70.8,0
287.0,4.81,1.09,972.4,1.67,0.21,0.82,2M ZnSO4,stainless-steel mesh,2.5,1.6,5.0,68.5,0
288.0,4.81,1.09,972.4,1.67,0.21,0.82,2M ZnSO4,stainless-steel mesh,2.5,1.6,10.0,60.3,0
289.0,4.81,1.09,972.4,1.67,0.21,0.82,2M ZnSO4,stainless-steel mesh,2.5,1.6,15.0,56.5,0
290.0,4.81,1.09,972.4,1.67,0.21,0.82,2M ZnSO4,stainless-steel mesh,2.5,1.6,20.0,52.1,0
291.0,4.81,1.09,972.4,1.67,0.21,0.82,2M ZnSO4,stainless-steel mesh,2.5,1.6,30.0,44.8,0
292.0,4.89,1.74,1666.8,2.42,0.136,0.88,2M ZnSO4,stainless-steel mesh,2.5,1.6,0.2,132.9,0
293.0,4.89,1.74,1666.8,2.42,0.136,0.88,2M ZnSO4,stainless-steel mesh,2.5,1.6,0.5,114.4,0
294.0,4.89,1.74,1666.8,2.42,0.136,0.88,2M ZnSO4,stainless-steel mesh,2.5,1.6,1.0,108.9,0
295.0,4.89,1.74,1666.8,2.42,0.136,0.88,2M ZnSO4,stainless-steel mesh,2.5,1.6,2.0,99.4,0
296.0,4.89,1.74,1666.8,2.42,0.136,0.88,2M ZnSO4,stainless-steel mesh,2.5,1.6,3.0,95.6,0
297.0,4.89,1.74,1666.8,2.42,0.136,0.88,2M ZnSO4,stainless-steel mesh,2.5,1.6,4.0,91.1,0
298.0,4.89,1.74,1666.8,2.42,0.136,0.88,2M ZnSO4,stainless-steel mesh,2.5,1.6,5.0,89.9,0
299.0,4.89,1.74,1666.8,2.42,0.136,0.88,2M ZnSO4,stainless-steel mesh,2.5,1.6,10.0,83.3,0
300.0,4.89,1.74,1666.8,2.42,0.136,0.88,2M ZnSO4,stainless-steel mesh,2.5,1.6,15.0,80.8,0
301.0,4.89,1.74,1666.8,2.42,0.136,0.88,2M ZnSO4,stainless-steel mesh,2.5,1.6,20.0,76.6,0
302.0,4.89,1.74,1666.8,2.42,0.136,0.88,2M ZnSO4,stainless-steel mesh,2.5,1.6,30.0,73.3,0
303.0,4.89,1.74,1666.8,2.42,0.136,0.88,2M ZnSO4,stainless-steel mesh,2.5,1.6,40.0,68.8,0
304.0,4.89,1.74,1666.8,2.42,0.136,0.88,2M ZnSO4,stainless-steel mesh,2.5,1.6,50.0,65.2,0
305.0,6.42,2.75,1301.6,3.04,0.074,0.92,2M ZnSO4,stainless-steel mesh,2.5,1.6,0.2,67.8,0
306.0,6.42,2.75,1301.6,3.04,0.074,0.92,2M ZnSO4,stainless-steel mesh,2.5,1.6,0.5,59.8,0
307.0,6.42,2.75,1301.6,3.04,0.074,0.92,2M ZnSO4,stainless-steel mesh,2.5,1.6,1.0,56.8,0
308.0,6.42,2.75,1301.6,3.04,0.074,0.92,2M ZnSO4,stainless-steel mesh,2.5,1.6,2.0,53.2,0
309.0,6.42,2.75,1301.6,3.04,0.074,0.92,2M ZnSO4,stainless-steel mesh,2.5,1.6,3.0,51.7,0
310.0,6.42,2.75,1301.6,3.04,0.074,0.92,2M ZnSO4,stainless-steel mesh,2.5,1.6,4.0,49.9,0
311.0,6.42,2.75,1301.6,3.04,0.074,0.92,2M ZnSO4,stainless-steel mesh,2.5,1.6,5.0,49.2,0
312.0,6.42,2.75,1301.6,3.04,0.074,0.92,2M ZnSO4,stainless-steel mesh,2.5,1.6,10.0,45.5,0
313.0,6.42,2.75,1301.6,3.04,0.074,0.92,2M ZnSO4,stainless-steel mesh,2.5,1.6,15.0,43.7,0
314.0,6.42,2.75,1301.6,3.04,0.074,0.92,2M ZnSO4,stainless-steel mesh,2.5,1.6,20.0,41.1,0
315.0,6.42,2.75,1301.6,3.04,0.074,0.92,2M ZnSO4,stainless-steel mesh,2.5,1.6,30.0,37.4,0
337.0,11.57,0.0,2085.1,1.72,0.194,0.86,2M ZnSO4,freestanding,2.0,1.6,0.05,181.67,0
338.0,11.57,0.0,2085.1,1.72,0.194,0.86,2M ZnSO4,freestanding,2.0,1.6,0.1,132.7,0
339.0,11.57,0.0,2085.1,1.72,0.194,0.86,2M ZnSO4,freestanding,2.0,1.6,0.2,116.9,0
340.0,11.57,0.0,2085.1,1.72,0.194,0.86,2M ZnSO4,freestanding,2.0,1.6,0.3,106.1,0
341.0,11.57,0.0,2085.1,1.72,0.194,0.86,2M ZnSO4,freestanding,2.0,1.6,0.5,98.3,0
342.0,11.57,0.0,2085.1,1.72,0.194,0.86,2M ZnSO4,freestanding,2.0,1.6,1.0,91.1,0
343.0,11.57,0.0,2085.1,1.72,0.194,0.86,2M ZnSO4,freestanding,2.0,1.6,2.0,84.9,0
344.0,11.57,0.0,2085.1,1.72,0.194,0.86,2M ZnSO4,freestanding,2.0,1.6,3.0,81.9,0
345.0,11.57,0.0,2085.1,1.72,0.194,0.86,2M ZnSO4,freestanding,2.0,1.6,5.0,78.2,0
346.0,11.57,0.0,2085.1,1.72,0.194,0.86,2M ZnSO4,freestanding,2.0,1.6,10.0,73.5,0
347.0,11.57,0.0,2085.1,1.72,0.194,0.86,2M ZnSO4,freestanding,2.0,1.6,15.0,68.9,0
348.0,11.57,0.0,2085.1,1.72,0.194,0.86,2M ZnSO4,freestanding,2.0,1.6,20.0,66.71,0
360.0,4.77,0.0,1644.0,0.96,1.33,1.06,1M ZnSO4,freestanding,1.77,1.6,0.1,52.9,0
361.0,4.77,0.0,1644.0,0.96,1.33,1.06,1M ZnSO4,freestanding,1.77,1.6,0.2,48.7,0
362.0,4.77,0.0,1644.0,0.96,1.33,1.06,1M ZnSO4,freestanding,1.77,1.6,0.5,43.8,0
363.0,4.77,0.0,1644.0,0.96,1.33,1.06,1M ZnSO4,freestanding,1.77,1.6,1.0,40.0,0
364.0,4.77,0.0,1644.0,0.96,1.33,1.06,1M ZnSO4,freestanding,1.77,1.6,2.0,36.5,0
365.0,4.77,0.0,1644.0,0.96,1.33,1.06,1M ZnSO4,freestanding,1.77,1.6,5.0,31.4,0
366.0,4.77,0.0,1644.0,0.96,1.33,1.06,1M ZnSO4,freestanding,1.77,1.6,10.0,26.9,0
367.0,4.77,0.0,1644.0,0.96,1.33,1.06,1M ZnSO4,freestanding,1.77,1.6,20.0,21.4,0
368.0,4.43,2.62,2038.0,1.29,0.497,1.12,1M ZnSO4,freestanding,1.77,1.6,0.1,103.2,1
369.0,4.43,2.62,2038.0,1.29,0.497,1.12,1M ZnSO4,freestanding,1.77,1.6,0.2,93.7,1
370.0,4.43,2.62,2038.0,1.29,0.497,1.12,1M ZnSO4,freestanding,1.77,1.6,0.5,85.3,1
371.0,4.43,2.62,2038.0,1.29,0.497,1.12,1M ZnSO4,freestanding,1.77,1.6,1.0,80.3,1
372.0,4.43,2.62,2038.0,1.29,0.497,1.12,1M ZnSO4,freestanding,1.77,1.6,2.0,74.7,1
373.0,4.43,2.62,2038.0,1.29,0.497,1.12,1M ZnSO4,freestanding,1.77,1.6,5.0,68.2,1
374.0,4.43,2.62,2038.0,1.29,0.497,1.12,1M ZnSO4,freestanding,1.77,1.6,10.0,61.0,1
375.0,4.43,2.62,2038.0,1.29,0.497,1.12,1M ZnSO4,freestanding,1.77,1.6,20.0,52.8,1
376.0,7.94,0.0,761.62,0.9097,1.224,0.98,2M ZnSO4,Titanium foil,1.2,1.6,0.1,42.8,0
377.0,3.0,0.0,614.34,0.9263,0.947,1.01,2M ZnSO4,Titanium foil,1.2,1.6,0.1,83.2,1
397.0,9.1,3.1,1055.0,0.95,0.583,1.06,2M ZnSO4,stainless-steel mesh,1.0,1.7,0.1,230.0,0
398.0,9.1,3.1,1055.0,0.95,0.583,1.06,2M ZnSO4,stainless-steel mesh,1.0,1.7,0.2,165.0,0
399.0,9.1,3.1,1055.0,0.95,0.583,1.06,2M ZnSO4,stainless-steel mesh,1.0,1.7,0.5,150.0,0
400.0,9.1,3.1,1055.0,0.95,0.583,1.06,2M ZnSO4,stainless-steel mesh,1.0,1.7,1.0,137.0,0
401.0,9.1,3.1,1055.0,0.95,0.583,1.06,2M ZnSO4,stainless-steel mesh,1.0,1.7,2.0,127.0,0
402.0,9.1,3.1,1055.0,0.95,0.583,1.06,2M ZnSO4,stainless-steel mesh,1.0,1.7,5.0,122.0,0
403.0,9.1,3.1,1055.0,0.95,0.583,1.06,2M ZnSO4,stainless-steel mesh,1.0,1.7,10.0,118.0,0
404.0,11.79,1.98,1613.9,0.93,11.4,0.98,1M Zn(CF3SO3)2,stainless-steel mesh,10.0,1.8,1.0,233.0,1
405.0,11.79,1.98,1613.9,0.93,11.4,0.98,1M Zn(CF3SO3)2,stainless-steel mesh,10.0,1.8,2.0,212.0,1
406.0,11.79,1.98,1613.9,0.93,11.4,0.98,1M Zn(CF3SO3)2,stainless-steel mesh,10.0,1.8,5.0,180.5,1
407.0,11.79,1.98,1613.9,0.93,11.4,0.98,1M Zn(CF3SO3)2,stainless-steel mesh,10.0,1.8,10.0,152.5,1
408.0,11.79,1.98,1613.9,0.93,11.4,0.98,1M Zn(CF3SO3)2,stainless-steel mesh,10.0,1.8,20.0,124.0,1
409.0,11.79,1.98,1613.9,0.93,11.4,0.98,1M Zn(CF3SO3)2,stainless-steel mesh,10.0,1.8,50.0,83.0,1
412.0,6.1,7.2,1843.0,1.1,0.447,1.01,2M ZnSO4,stainless-steel mesh,1.0,1.6,0.5,181.0,0
413.0,6.1,7.2,1843.0,1.1,0.447,1.01,2M ZnSO4,stainless-steel mesh,1.0,1.6,1.0,153.3,0
414.0,6.1,7.2,1843.0,1.1,0.447,1.01,2M ZnSO4,stainless-steel mesh,1.0,1.6,2.0,137.2,0
415.0,6.1,7.2,1843.0,1.1,0.447,1.01,2M ZnSO4,stainless-steel mesh,1.0,1.6,3.0,130.2,0
416.0,6.1,7.2,1843.0,1.1,0.447,1.01,2M ZnSO4,stainless-steel mesh,1.0,1.6,5.0,121.7,0
417.0,6.1,7.2,1843.0,1.1,0.447,1.01,2M ZnSO4,stainless-steel mesh,1.0,1.6,10.0,110.4,0
418.0,6.1,7.2,1843.0,1.1,0.447,1.01,2M ZnSO4,stainless-steel mesh,1.0,1.6,15.0,104.0,0
419.0,4.2,6.3,543.0,0.9,0.125,0.99,2M ZnSO4,stainless-steel mesh,1.0,1.6,0.5,110.0,0
420.0,4.2,6.3,543.0,0.9,0.125,0.99,2M ZnSO4,stainless-steel mesh,1.0,1.6,1.0,97.8,0
421.0,4.2,6.3,543.0,0.9,0.125,0.99,2M ZnSO4,stainless-steel mesh,1.0,1.6,2.0,89.8,0
422.0,4.2,6.3,543.0,0.9,0.125,0.99,2M ZnSO4,stainless-steel mesh,1.0,1.6,3.0,84.9,0
423.0,4.2,6.3,543.0,0.9,0.125,0.99,2M ZnSO4,stainless-steel mesh,1.0,1.6,5.0,78.4,0
424.0,4.2,6.3,543.0,0.9,0.125,0.99,2M ZnSO4,stainless-steel mesh,1.0,1.6,10.0,67.2,0
425.0,4.2,6.3,543.0,0.9,0.125,0.99,2M ZnSO4,stainless-steel mesh,1.0,1.6,15.0,58.2,0
426.0,10.8,5.7,1454.0,0.83,0.122,1.05,2M ZnSO4,stainless-steel mesh,1.0,1.6,0.5,98.0,0
427.0,10.8,5.7,1454.0,0.83,0.122,1.05,2M ZnSO4,stainless-steel mesh,1.0,1.6,1.0,81.7,0
428.0,10.8,5.7,1454.0,0.83,0.122,1.05,2M ZnSO4,stainless-steel mesh,1.0,1.6,2.0,72.2,0
429.0,10.8,5.7,1454.0,0.83,0.122,1.05,2M ZnSO4,stainless-steel mesh,1.0,1.6,3.0,67.0,0
430.0,10.8,5.7,1454.0,0.83,0.122,1.05,2M ZnSO4,stainless-steel mesh,1.0,1.6,5.0,60.7,0
431.0,10.8,5.7,1454.0,0.83,0.122,1.05,2M ZnSO4,stainless-steel mesh,1.0,1.6,10.0,50.9,0
432.0,10.8,5.7,1454.0,0.83,0.122,1.05,2M ZnSO4,stainless-steel mesh,1.0,1.6,15.0,45.1,0
439.0,11.18,2.79,599.3,0.276,2.366,0.81,1M ZnSO4,stainless steel,1.5,1.6,0.1,79.4,1
440.0,11.18,2.79,599.3,0.276,2.366,0.81,1M ZnSO4,stainless steel,1.5,1.6,0.2,70.3,1
441.0,11.18,2.79,599.3,0.276,2.366,0.81,1M ZnSO4,stainless steel,1.5,1.6,0.5,59.8,1
442.0,11.18,2.79,599.3,0.276,2.366,0.81,1M ZnSO4,stainless steel,1.5,1.6,1.0,50.8,1
443.0,11.18,2.79,599.3,0.276,2.366,0.81,1M ZnSO4,stainless steel,1.5,1.6,2.0,41.6,1
444.0,11.18,2.79,599.3,0.276,2.366,0.81,1M ZnSO4,stainless steel,1.5,1.6,5.0,28.8,1
445.0,11.18,2.79,599.3,0.276,2.366,0.81,1M ZnSO4,stainless steel,1.5,1.6,10.0,22.9,1
474.0,9.33,6.25,1021.0,1.07,1.89,0.84,3M Zn(CF3SO3)2,stainless-steel mesh,10.0,1.8,0.2,122.3,0
475.0,9.33,6.25,1021.0,1.07,1.89,0.84,3M Zn(CF3SO3)2,stainless-steel mesh,10.0,1.8,0.5,108.1,0
476.0,9.33,6.25,1021.0,1.07,1.89,0.84,3M Zn(CF3SO3)2,stainless-steel mesh,10.0,1.8,1.0,103.8,0
477.0,9.33,6.25,1021.0,1.07,1.89,0.84,3M Zn(CF3SO3)2,stainless-steel mesh,10.0,1.8,2.0,94.2,0
478.0,9.33,6.25,1021.0,1.07,1.89,0.84,3M Zn(CF3SO3)2,stainless-steel mesh,10.0,1.8,5.0,85.6,0
479.0,9.33,6.25,1021.0,1.07,1.89,0.84,3M Zn(CF3SO3)2,stainless-steel mesh,10.0,1.8,10.0,76.0,0
480.0,9.33,6.25,1021.0,1.07,1.89,0.84,3M Zn(CF3SO3)2,stainless-steel mesh,10.0,1.8,20.0,59.1,0
481.0,8.0,8.12,1685.0,1.2,0.508,0.85,3M Zn(CF3SO3)2,stainless-steel mesh,10.0,1.8,0.2,153.8,0
482.0,8.0,8.12,1685.0,1.2,0.508,0.85,3M Zn(CF3SO3)2,stainless-steel mesh,10.0,1.8,0.5,146.9,0
483.0,8.0,8.12,1685.0,1.2,0.508,0.85,3M Zn(CF3SO3)2,stainless-steel mesh,10.0,1.8,1.0,127.3,0
484.0,8.0,8.12,1685.0,1.2,0.508,0.85,3M Zn(CF3SO3)2,stainless-steel mesh,10.0,1.8,2.0,117.0,0
485.0,8.0,8.12,1685.0,1.2,0.508,0.85,3M Zn(CF3SO3)2,stainless-steel mesh,10.0,1.8,5.0,108.7,0
486.0,8.0,8.12,1685.0,1.2,0.508,0.85,3M Zn(CF3SO3)2,stainless-steel mesh,10.0,1.8,10.0,95.5,0
487.0,8.0,8.12,1685.0,1.2,0.508,0.85,3M Zn(CF3SO3)2,stainless-steel mesh,10.0,1.8,20.0,82.3,0
488.0,9.75,7.83,2370.0,2.18,0.319,0.85,3M Zn(CF3SO3)2,stainless-steel mesh,10.0,1.8,0.2,250.0,0
489.0,9.75,7.83,2370.0,2.18,0.319,0.85,3M Zn(CF3SO3)2,stainless-steel mesh,10.0,1.8,0.5,217.5,0
490.0,9.75,7.83,2370.0,2.18,0.319,0.85,3M Zn(CF3SO3)2,stainless-steel mesh,10.0,1.8,1.0,184.3,0
491.0,9.75,7.83,2370.0,2.18,0.319,0.85,3M Zn(CF3SO3)2,stainless-steel mesh,10.0,1.8,2.0,163.5,0
492.0,9.75,7.83,2370.0,2.18,0.319,0.85,3M Zn(CF3SO3)2,stainless-steel mesh,10.0,1.8,5.0,156.8,0
493.0,9.75,7.83,2370.0,2.18,0.319,0.85,3M Zn(CF3SO3)2,stainless-steel mesh,10.0,1.8,10.0,151.9,0
494.0,9.75,7.83,2370.0,2.18,0.319,0.85,3M Zn(CF3SO3)2,stainless-steel mesh,10.0,1.8,20.0,149.2,0
495.0,9.75,7.83,2370.0,2.18,0.319,0.85,3M Zn(CF3SO3)2,stainless-steel mesh,5.0,1.8,0.2,268.0,0
496.0,9.75,7.83,2370.0,2.18,0.319,0.85,3M Zn(CF3SO3)2,stainless-steel mesh,20.0,1.8,0.2,210.0,0
497.0,4.41,12.14,494.0,0.27,1.7,3.1,2M ZnSO4,stainless steel,1.0,1.6,0.2,138.5,0
498.0,4.41,12.14,494.0,0.27,1.7,3.1,2M ZnSO4,stainless steel,1.0,1.6,0.5,112.9,0
499.0,4.41,12.14,494.0,0.27,1.7,3.1,2M ZnSO4,stainless steel,1.0,1.6,1.0,98.1,0
500.0,4.41,12.14,494.0,0.27,1.7,3.1,2M ZnSO4,stainless steel,1.0,1.6,2.0,89.3,0
501.0,4.41,12.14,494.0,0.27,1.7,3.1,2M ZnSO4,stainless steel,1.0,1.6,5.0,77.6,0
502.0,4.41,12.14,494.0,0.27,1.7,3.1,2M ZnSO4,stainless steel,1.0,1.6,10.0,69.0,0
503.0,4.41,12.14,494.0,0.27,1.7,3.1,2M ZnSO4,stainless steel,1.0,1.6,20.0,61.8,0
504.0,4.41,12.14,494.0,0.27,1.7,3.1,2M ZnSO4,stainless steel,1.0,1.6,40.0,48.7,0
505.0,4.41,12.14,494.0,0.27,1.7,3.1,2M ZnSO4,stainless steel,1.0,1.6,60.0,38.7,0
506.0,4.41,12.14,494.0,0.27,1.7,3.1,2M ZnSO4,stainless steel,1.0,1.6,80.0,28.8,0
507.0,5.51,5.19,642.0,0.58,0.184,3.5,2M ZnSO4,stainless steel,1.0,1.6,0.2,149.9,0
508.0,5.51,5.19,642.0,0.58,0.184,3.5,2M ZnSO4,stainless steel,1.0,1.6,0.5,128.2,0
509.0,5.51,5.19,642.0,0.58,0.184,3.5,2M ZnSO4,stainless steel,1.0,1.6,1.0,112.4,0
510.0,5.51,5.19,642.0,0.58,0.184,3.5,2M ZnSO4,stainless steel,1.0,1.6,2.0,102.5,0
511.0,5.51,5.19,642.0,0.58,0.184,3.5,2M ZnSO4,stainless steel,1.0,1.6,5.0,90.9,0
512.0,5.51,5.19,642.0,0.58,0.184,3.5,2M ZnSO4,stainless steel,1.0,1.6,10.0,83.2,0
513.0,5.51,5.19,642.0,0.58,0.184,3.5,2M ZnSO4,stainless steel,1.0,1.6,20.0,73.8,0
514.0,5.51,5.19,642.0,0.58,0.184,3.5,2M ZnSO4,stainless steel,1.0,1.6,40.0,63.3,0
515.0,5.51,5.19,642.0,0.58,0.184,3.5,2M ZnSO4,stainless steel,1.0,1.6,60.0,55.4,0
516.0,5.51,5.19,642.0,0.58,0.184,3.5,2M ZnSO4,stainless steel,1.0,1.6,80.0,46.9,0
517.0,11.74,6.67,1702.0,1.29,0.675,4.4,2M ZnSO4,stainless steel,1.0,1.6,0.2,212.0,1
518.0,11.74,6.67,1702.0,1.29,0.675,4.4,2M ZnSO4,stainless steel,1.0,1.6,0.5,189.9,1
519.0,11.74,6.67,1702.0,1.29,0.675,4.4,2M ZnSO4,stainless steel,1.0,1.6,1.0,171.8,1
520.0,11.74,6.67,1702.0,1.29,0.675,4.4,2M ZnSO4,stainless steel,1.0,1.6,2.0,155.1,1
521.0,11.74,6.67,1702.0,1.29,0.675,4.4,2M ZnSO4,stainless steel,1.0,1.6,5.0,145.9,1
522.0,11.74,6.67,1702.0,1.29,0.675,4.4,2M ZnSO4,stainless steel,1.0,1.6,10.0,134.2,1
523.0,11.74,6.67,1702.0,1.29,0.675,4.4,2M ZnSO4,stainless steel,1.0,1.6,20.0,126.2,1
524.0,11.74,6.67,1702.0,1.29,0.675,4.4,2M ZnSO4,stainless steel,1.0,1.6,40.0,114.0,1
525.0,11.74,6.67,1702.0,1.29,0.675,4.4,2M ZnSO4,stainless steel,1.0,1.6,60.0,104.4,1
526.0,11.74,6.67,1702.0,1.29,0.675,4.4,2M ZnSO4,stainless steel,1.0,1.6,80.0,93.4,1
527.0,11.74,6.67,1702.0,1.29,0.675,4.4,2M ZnSO4,stainless steel,3.0,1.6,0.2,174.9,1
528.0,11.74,6.67,1702.0,1.29,0.675,4.4,2M ZnSO4,stainless steel,5.0,1.6,0.2,157.2,1
529.0,11.74,6.67,1702.0,1.29,0.675,4.4,2M ZnSO4,stainless steel,10.0,1.6,0.2,134.0,1
530.0,11.74,6.67,1702.0,1.29,0.675,4.4,2M ZnSO4,stainless steel,20.0,1.6,0.2,107.2,1
531.0,11.74,6.67,1702.0,1.29,0.675,4.4,2M ZnSO4,stainless steel,40.0,1.6,0.2,87.7,1
532.0,7.41,0.53,1398.16,0.79,2.03846153846154,0.7,1M ZnSO4,stainless steel,1.0,1.6,0.2,94.6,0
533.0,7.41,0.53,1398.16,0.79,2.03846153846154,0.7,1M ZnSO4,stainless steel,1.0,1.6,0.5,84.0,0
534.0,7.41,0.53,1398.16,0.79,2.03846153846154,0.7,1M ZnSO4,stainless steel,1.0,1.6,0.8,80.3,0
535.0,7.41,0.53,1398.16,0.79,2.03846153846154,0.7,1M ZnSO4,stainless steel,1.0,1.6,1.0,77.9,0
536.0,7.41,0.53,1398.16,0.79,2.03846153846154,0.7,1M ZnSO4,stainless steel,1.0,1.6,2.0,75.0,0
537.0,7.41,0.53,1398.16,0.79,2.03846153846154,0.7,1M ZnSO4,stainless steel,1.0,1.6,5.0,71.3,0
538.0,7.41,0.53,1398.16,0.79,2.03846153846154,0.7,1M ZnSO4,stainless steel,1.0,1.6,8.0,67.5,0
539.0,7.41,0.53,1398.16,0.79,2.03846153846154,0.7,1M ZnSO4,stainless steel,1.0,1.6,10.0,65.7,0
540.0,6.75,2.16,2363.18,1.33,0.6625,0.79,1M ZnSO4,stainless steel,1.0,1.6,0.2,135.3,1
541.0,6.75,2.16,2363.18,1.33,0.6625,0.79,1M ZnSO4,stainless steel,1.0,1.6,0.5,110.1,1
542.0,6.75,2.16,2363.18,1.33,0.6625,0.79,1M ZnSO4,stainless steel,1.0,1.6,0.8,102.2,1
543.0,6.75,2.16,2363.18,1.33,0.6625,0.79,1M ZnSO4,stainless steel,1.0,1.6,1.0,99.2,1
544.0,6.75,2.16,2363.18,1.33,0.6625,0.79,1M ZnSO4,stainless steel,1.0,1.6,2.0,92.6,1
545.0,6.75,2.16,2363.18,1.33,0.6625,0.79,1M ZnSO4,stainless steel,1.0,1.6,5.0,86.7,1
546.0,6.75,2.16,2363.18,1.33,0.6625,0.79,1M ZnSO4,stainless steel,1.0,1.6,8.0,83.9,1
547.0,6.75,2.16,2363.18,1.33,0.6625,0.79,1M ZnSO4,stainless steel,1.0,1.6,10.0,82.0,1
548.0,10.36,3.74,803.95,0.53,1.94444444444444,0.75,1M ZnSO4,stainless steel,1.0,1.6,0.2,144.6,1
549.0,10.36,3.74,803.95,0.53,1.94444444444444,0.75,1M ZnSO4,stainless steel,1.0,1.6,0.5,122.9,1
550.0,10.36,3.74,803.95,0.53,1.94444444444444,0.75,1M ZnSO4,stainless steel,1.0,1.6,0.8,112.8,1
551.0,10.36,3.74,803.95,0.53,1.94444444444444,0.75,1M ZnSO4,stainless steel,1.0,1.6,1.0,107.1,1
552.0,10.36,3.74,803.95,0.53,1.94444444444444,0.75,1M ZnSO4,stainless steel,1.0,1.6,2.0,96.7,1
553.0,10.36,3.74,803.95,0.53,1.94444444444444,0.75,1M ZnSO4,stainless steel,1.0,1.6,5.0,85.6,1
554.0,10.36,3.74,803.95,0.53,1.94444444444444,0.75,1M ZnSO4,stainless steel,1.0,1.6,8.0,77.1,1
555.0,10.36,3.74,803.95,0.53,1.94444444444444,0.75,1M ZnSO4,stainless steel,1.0,1.6,10.0,73.1,1
556.0,6.89,1.57,1678.38,1.04,1.08,0.82,1M ZnSO4,stainless steel,1.0,1.6,0.2,185.3,1
557.0,6.89,1.57,1678.38,1.04,1.08,0.82,1M ZnSO4,stainless steel,1.0,1.6,0.5,134.8,1
558.0,6.89,1.57,1678.38,1.04,1.08,0.82,1M ZnSO4,stainless steel,1.0,1.6,0.8,125.0,1
559.0,6.89,1.57,1678.38,1.04,1.08,0.82,1M ZnSO4,stainless steel,1.0,1.6,1.0,119.7,1
560.0,6.89,1.57,1678.38,1.04,1.08,0.82,1M ZnSO4,stainless steel,1.0,1.6,2.0,111.3,1
561.0,6.89,1.57,1678.38,1.04,1.08,0.82,1M ZnSO4,stainless steel,1.0,1.6,5.0,101.5,1
562.0,6.89,1.57,1678.38,1.04,1.08,0.82,1M ZnSO4,stainless steel,1.0,1.6,8.0,98.6,1
563.0,6.89,1.57,1678.38,1.04,1.08,0.82,1M ZnSO4,stainless steel,1.0,1.6,10.0,95.2,1
564.0,5.49,2.86,1590.46,1.32,0.0645161290322581,0.71,1M ZnSO4,stainless steel,1.0,1.6,0.2,84.0,1
565.0,5.49,2.86,1590.46,1.32,0.0645161290322581,0.71,1M ZnSO4,stainless steel,1.0,1.6,0.5,69.1,1
566.0,5.49,2.86,1590.46,1.32,0.0645161290322581,0.71,1M ZnSO4,stainless steel,1.0,1.6,0.8,64.9,1
567.0,5.49,2.86,1590.46,1.32,0.0645161290322581,0.71,1M ZnSO4,stainless steel,1.0,1.6,1.0,63.0,1
568.0,5.49,2.86,1590.46,1.32,0.0645161290322581,0.71,1M ZnSO4,stainless steel,1.0,1.6,2.0,58.8,1
569.0,5.49,2.86,1590.46,1.32,0.0645161290322581,0.71,1M ZnSO4,stainless steel,1.0,1.6,5.0,56.9,1
570.0,5.49,2.86,1590.46,1.32,0.0645161290322581,0.71,1M ZnSO4,stainless steel,1.0,1.6,8.0,55.1,1
571.0,5.49,2.86,1590.46,1.32,0.0645161290322581,0.71,1M ZnSO4,stainless steel,1.0,1.6,10.0,53.2,1
572.0,3.37,0.0,3252.6,3.428,0.110463232912213,1.02,1M Zn(CF3SO3)2,stainless-steel mesh,1.0,1.6,0.3,98.2,0
573.0,3.37,0.0,3252.6,3.428,0.110463232912213,1.02,1M Zn(CF3SO3)2,stainless-steel mesh,1.0,1.6,0.5,94.2,0
574.0,3.37,0.0,3252.6,3.428,0.110463232912213,1.02,1M Zn(CF3SO3)2,stainless-steel mesh,1.0,1.6,1.0,89.5,0
575.0,3.37,0.0,3252.6,3.428,0.110463232912213,1.02,1M Zn(CF3SO3)2,stainless-steel mesh,1.0,1.6,3.0,80.1,0
576.0,3.37,0.0,3252.6,3.428,0.110463232912213,1.02,1M Zn(CF3SO3)2,stainless-steel mesh,1.0,1.6,5.0,76.2,0
577.0,3.37,0.0,3252.6,3.428,0.110463232912213,1.02,1M Zn(CF3SO3)2,stainless-steel mesh,1.0,1.6,8.0,73.0,0
578.0,3.37,0.0,3252.6,3.428,0.110463232912213,1.02,1M Zn(CF3SO3)2,stainless-steel mesh,1.0,1.6,10.0,67.9,0
579.0,3.37,0.0,3252.6,3.428,0.110463232912213,1.02,1M Zn(CF3SO3)2,stainless-steel mesh,1.0,1.6,20.0,61.2,0
580.0,3.37,0.0,3252.6,3.428,0.110463232912213,1.02,1M Zn(CF3SO3)2,stainless-steel mesh,1.0,1.6,30.0,56.4,0
581.0,2.75,0.95,1687.1,1.75,0.101321585903084,1.11,1M Zn(CF3SO3)2,stainless-steel mesh,1.0,1.6,0.3,111.6,0
582.0,2.75,0.95,1687.1,1.75,0.101321585903084,1.11,1M Zn(CF3SO3)2,stainless-steel mesh,1.0,1.6,0.5,105.1,0
583.0,2.75,0.95,1687.1,1.75,0.101321585903084,1.11,1M Zn(CF3SO3)2,stainless-steel mesh,1.0,1.6,1.0,102.0,0
584.0,2.75,0.95,1687.1,1.75,0.101321585903084,1.11,1M Zn(CF3SO3)2,stainless-steel mesh,1.0,1.6,3.0,96.6,0
585.0,2.75,0.95,1687.1,1.75,0.101321585903084,1.11,1M Zn(CF3SO3)2,stainless-steel mesh,1.0,1.6,5.0,92.4,0
586.0,2.75,0.95,1687.1,1.75,0.101321585903084,1.11,1M Zn(CF3SO3)2,stainless-steel mesh,1.0,1.6,8.0,90.0,0
587.0,2.75,0.95,1687.1,1.75,0.101321585903084,1.11,1M Zn(CF3SO3)2,stainless-steel mesh,1.0,1.6,10.0,88.5,0
588.0,2.75,0.95,1687.1,1.75,0.101321585903084,1.11,1M Zn(CF3SO3)2,stainless-steel mesh,1.0,1.6,20.0,79.9,0
589.0,2.75,0.95,1687.1,1.75,0.101321585903084,1.11,1M Zn(CF3SO3)2,stainless-steel mesh,1.0,1.6,30.0,72.4,0
590.0,1.91,2.99,2330.9,2.756,0.105052125100241,1.24,1M Zn(CF3SO3)2,stainless-steel mesh,1.0,1.6,0.3,125.3,0
591.0,1.91,2.99,2330.9,2.756,0.105052125100241,1.24,1M Zn(CF3SO3)2,stainless-steel mesh,1.0,1.6,0.5,117.3,0
592.0,1.91,2.99,2330.9,2.756,0.105052125100241,1.24,1M Zn(CF3SO3)2,stainless-steel mesh,1.0,1.6,1.0,115.3,0
593.0,1.91,2.99,2330.9,2.756,0.105052125100241,1.24,1M Zn(CF3SO3)2,stainless-steel mesh,1.0,1.6,3.0,105.9,0
594.0,1.91,2.99,2330.9,2.756,0.105052125100241,1.24,1M Zn(CF3SO3)2,stainless-steel mesh,1.0,1.6,5.0,99.8,0
595.0,1.91,2.99,2330.9,2.756,0.105052125100241,1.24,1M Zn(CF3SO3)2,stainless-steel mesh,1.0,1.6,8.0,97.5,0
596.0,1.91,2.99,2330.9,2.756,0.105052125100241,1.24,1M Zn(CF3SO3)2,stainless-steel mesh,1.0,1.6,10.0,94.5,0
597.0,1.91,2.99,2330.9,2.756,0.105052125100241,1.24,1M Zn(CF3SO3)2,stainless-steel mesh,1.0,1.6,20.0,88.9,0
598.0,1.91,2.99,2330.9,2.756,0.105052125100241,1.24,1M Zn(CF3SO3)2,stainless-steel mesh,1.0,1.6,30.0,83.1,0
599.0,1.9,1.3,1317.4,1.384,0.126118795768918,1.05,1M Zn(CF3SO3)2,stainless-steel mesh,1.0,1.6,0.3,107.6,0
600.0,1.9,1.3,1317.4,1.384,0.126118795768918,1.05,1M Zn(CF3SO3)2,stainless-steel mesh,1.0,1.6,0.5,103.0,0
601.0,1.9,1.3,1317.4,1.384,0.126118795768918,1.05,1M Zn(CF3SO3)2,stainless-steel mesh,1.0,1.6,1.0,99.7,0
602.0,1.9,1.3,1317.4,1.384,0.126118795768918,1.05,1M Zn(CF3SO3)2,stainless-steel mesh,1.0,1.6,3.0,91.6,0
603.0,1.9,1.3,1317.4,1.384,0.126118795768918,1.05,1M Zn(CF3SO3)2,stainless-steel mesh,1.0,1.6,5.0,88.7,0
604.0,1.9,1.3,1317.4,1.384,0.126118795768918,1.05,1M Zn(CF3SO3)2,stainless-steel mesh,1.0,1.6,8.0,82.4,0
605.0,1.9,1.3,1317.4,1.384,0.126118795768918,1.05,1M Zn(CF3SO3)2,stainless-steel mesh,1.0,1.6,10.0,79.6,0
606.0,1.9,1.3,1317.4,1.384,0.126118795768918,1.05,1M Zn(CF3SO3)2,stainless-steel mesh,1.0,1.6,20.0,71.9,0
607.0,1.9,1.3,1317.4,1.384,0.126118795768918,1.05,1M Zn(CF3SO3)2,stainless-steel mesh,1.0,1.6,30.0,63.1,0
608.0,9.92,0.0,1667.33,1.23,1.14,1.1,2M ZnSO4,stainless-steel mesh,1.5,1.6,0.5,101.2,0
609.0,9.92,0.0,1667.33,1.23,1.14,1.1,2M ZnSO4,stainless-steel mesh,1.5,1.6,1.0,92.4,0
610.0,9.92,0.0,1667.33,1.23,1.14,1.1,2M ZnSO4,stainless-steel mesh,1.5,1.6,2.0,84.3,0
611.0,9.92,0.0,1667.33,1.23,1.14,1.1,2M ZnSO4,stainless-steel mesh,1.5,1.6,3.0,79.8,0
612.0,9.92,0.0,1667.33,1.23,1.14,1.1,2M ZnSO4,stainless-steel mesh,1.5,1.6,4.0,77.2,0
613.0,9.92,0.0,1667.33,1.23,1.14,1.1,2M ZnSO4,stainless-steel mesh,1.5,1.6,5.0,75.8,0
614.0,9.92,0.0,1667.33,1.23,1.14,1.1,2M ZnSO4,stainless-steel mesh,1.5,1.6,10.0,68.2,0
615.0,9.92,0.0,1667.33,1.23,1.14,1.1,2M ZnSO4,stainless-steel mesh,1.5,1.6,20.0,61.0,0
616.0,9.53,0.0,1886.8,1.23,1.278,1.13,2M ZnSO4,stainless-steel mesh,1.5,1.6,0.5,113.3,1
617.0,9.53,0.0,1886.8,1.23,1.278,1.13,2M ZnSO4,stainless-steel mesh,1.5,1.6,1.0,104.9,1
618.0,9.53,0.0,1886.8,1.23,1.278,1.13,2M ZnSO4,stainless-steel mesh,1.5,1.6,2.0,97.5,1
619.0,9.53,0.0,1886.8,1.23,1.278,1.13,2M ZnSO4,stainless-steel mesh,1.5,1.6,3.0,93.4,1
620.0,9.53,0.0,1886.8,1.23,1.278,1.13,2M ZnSO4,stainless-steel mesh,1.5,1.6,4.0,89.9,1
621.0,9.53,0.0,1886.8,1.23,1.278,1.13,2M ZnSO4,stainless-steel mesh,1.5,1.6,5.0,87.0,1
622.0,9.53,0.0,1886.8,1.23,1.278,1.13,2M ZnSO4,stainless-steel mesh,1.5,1.6,10.0,78.5,1
623.0,9.53,0.0,1886.8,1.23,1.278,1.13,2M ZnSO4,stainless-steel mesh,1.5,1.6,20.0,66.0,1
624.0,9.44,0.8,2295.25,1.63,1.264,1.18,2M ZnSO4,stainless-steel mesh,1.5,1.6,0.5,114.1,0
625.0,9.44,0.8,2295.25,1.63,1.264,1.18,2M ZnSO4,stainless-steel mesh,1.5,1.6,1.0,103.4,0
626.0,9.44,0.8,2295.25,1.63,1.264,1.18,2M ZnSO4,stainless-steel mesh,1.5,1.6,2.0,94.5,0
627.0,9.44,0.8,2295.25,1.63,1.264,1.18,2M ZnSO4,stainless-steel mesh,1.5,1.6,3.0,90.0,0
628.0,9.44,0.8,2295.25,1.63,1.264,1.18,2M ZnSO4,stainless-steel mesh,1.5,1.6,4.0,86.4,0
629.0,9.44,0.8,2295.25,1.63,1.264,1.18,2M ZnSO4,stainless-steel mesh,1.5,1.6,5.0,84.0,0
630.0,9.44,0.8,2295.25,1.63,1.264,1.18,2M ZnSO4,stainless-steel mesh,1.5,1.6,10.0,74.4,0
631.0,9.44,0.8,2295.25,1.63,1.264,1.18,2M ZnSO4,stainless-steel mesh,1.5,1.6,20.0,62.2,0
632.0,9.05,1.32,2773.02,1.91,1.358,1.19,2M ZnSO4,stainless-steel mesh,1.5,1.6,0.5,135.0,1
633.0,9.05,1.32,2773.02,1.91,1.358,1.19,2M ZnSO4,stainless-steel mesh,1.5,1.6,1.0,120.8,1
634.0,9.05,1.32,2773.02,1.91,1.358,1.19,2M ZnSO4,stainless-steel mesh,1.5,1.6,2.0,106.0,1
635.0,9.05,1.32,2773.02,1.91,1.358,1.19,2M ZnSO4,stainless-steel mesh,1.5,1.6,3.0,100.5,1
636.0,9.05,1.32,2773.02,1.91,1.358,1.19,2M ZnSO4,stainless-steel mesh,1.5,1.6,4.0,97.1,1
637.0,9.05,1.32,2773.02,1.91,1.358,1.19,2M ZnSO4,stainless-steel mesh,1.5,1.6,5.0,95.0,1
638.0,9.05,1.32,2773.02,1.91,1.358,1.19,2M ZnSO4,stainless-steel mesh,1.5,1.6,10.0,88.8,1
639.0,9.05,1.32,2773.02,1.91,1.358,1.19,2M ZnSO4,stainless-steel mesh,1.5,1.6,20.0,81.6,1
640.0,9.71,5.41,670.0,0.72,3.071,1.89,3M Zn(CF3SO3)2,stainless-steel mesh,1.5,1.7,0.1,122.4,0
641.0,9.71,5.41,670.0,0.72,3.071,1.89,3M Zn(CF3SO3)2,stainless-steel mesh,1.5,1.7,0.2,92.4,0
642.0,9.71,5.41,670.0,0.72,3.071,1.89,3M Zn(CF3SO3)2,stainless-steel mesh,1.5,1.7,0.5,79.7,0
643.0,9.71,5.41,670.0,0.72,3.071,1.89,3M Zn(CF3SO3)2,stainless-steel mesh,1.5,1.7,1.0,72.7,0
644.0,9.71,5.41,670.0,0.72,3.071,1.89,3M Zn(CF3SO3)2,stainless-steel mesh,1.5,1.7,2.0,68.4,0
645.0,9.71,5.41,670.0,0.72,3.071,1.89,3M Zn(CF3SO3)2,stainless-steel mesh,1.5,1.7,5.0,61.1,0
646.0,9.71,5.41,670.0,0.72,3.071,1.89,3M Zn(CF3SO3)2,stainless-steel mesh,1.5,1.7,10.0,55.7,0
647.0,9.71,5.41,670.0,0.72,3.071,1.89,3M Zn(CF3SO3)2,stainless-steel mesh,1.5,1.7,20.0,49.1,0
648.0,9.71,5.41,670.0,0.72,3.071,1.89,3M Zn(CF3SO3)2,stainless-steel mesh,1.5,1.7,40.0,43.7,0
649.0,9.71,5.41,670.0,0.72,3.071,1.89,3M Zn(CF3SO3)2,stainless-steel mesh,1.5,1.7,50.0,42.2,0
650.0,7.21,3.67,1777.0,1.56,2.308,2.0,3M Zn(CF3SO3)2,stainless-steel mesh,1.5,1.7,0.1,153.4,0
651.0,7.21,3.67,1777.0,1.56,2.308,2.0,3M Zn(CF3SO3)2,stainless-steel mesh,1.5,1.7,0.2,117.6,0
652.0,7.21,3.67,1777.0,1.56,2.308,2.0,3M Zn(CF3SO3)2,stainless-steel mesh,1.5,1.7,0.5,101.3,0
653.0,7.21,3.67,1777.0,1.56,2.308,2.0,3M Zn(CF3SO3)2,stainless-steel mesh,1.5,1.7,1.0,93.9,0
654.0,7.21,3.67,1777.0,1.56,2.308,2.0,3M Zn(CF3SO3)2,stainless-steel mesh,1.5,1.7,2.0,90.1,0
655.0,7.21,3.67,1777.0,1.56,2.308,2.0,3M Zn(CF3SO3)2,stainless-steel mesh,1.5,1.7,5.0,83.1,0
656.0,7.21,3.67,1777.0,1.56,2.308,2.0,3M Zn(CF3SO3)2,stainless-steel mesh,1.5,1.7,10.0,77.7,0
657.0,7.21,3.67,1777.0,1.56,2.308,2.0,3M Zn(CF3SO3)2,stainless-steel mesh,1.5,1.7,20.0,72.3,0
658.0,7.21,3.67,1777.0,1.56,2.308,2.0,3M Zn(CF3SO3)2,stainless-steel mesh,1.5,1.7,40.0,66.9,0
659.0,7.21,3.67,1777.0,1.56,2.308,2.0,3M Zn(CF3SO3)2,stainless-steel mesh,1.5,1.7,50.0,64.2,0
660.0,8.35,2.41,2511.0,2.17,1.173,2.07,3M Zn(CF3SO3)2,stainless-steel mesh,1.5,1.7,0.1,191.4,0
661.0,8.35,2.41,2511.0,2.17,1.173,2.07,3M Zn(CF3SO3)2,stainless-steel mesh,1.5,1.7,0.2,167.7,0
662.0,8.35,2.41,2511.0,2.17,1.173,2.07,3M Zn(CF3SO3)2,stainless-steel mesh,1.5,1.7,0.5,149.1,0
663.0,8.35,2.41,2511.0,2.17,1.173,2.07,3M Zn(CF3SO3)2,stainless-steel mesh,1.5,1.7,1.0,138.4,0
664.0,8.35,2.41,2511.0,2.17,1.173,2.07,3M Zn(CF3SO3)2,stainless-steel mesh,1.5,1.7,2.0,130.8,0
665.0,8.35,2.41,2511.0,2.17,1.173,2.07,3M Zn(CF3SO3)2,stainless-steel mesh,1.5,1.7,5.0,123.6,0
666.0,8.35,2.41,2511.0,2.17,1.173,2.07,3M Zn(CF3SO3)2,stainless-steel mesh,1.5,1.7,10.0,116.7,0
667.0,8.35,2.41,2511.0,2.17,1.173,2.07,3M Zn(CF3SO3)2,stainless-steel mesh,1.5,1.7,20.0,113.8,0
668.0,8.35,2.41,2511.0,2.17,1.173,2.07,3M Zn(CF3SO3)2,stainless-steel mesh,1.5,1.7,40.0,105.6,0
669.0,8.35,2.41,2511.0,2.17,1.173,2.07,3M Zn(CF3SO3)2,stainless-steel mesh,1.5,1.7,50.0,99.9,0
670.0,6.98,2.3,2353.0,2.14,0.779,2.18,3M Zn(CF3SO3)2,stainless-steel mesh,1.5,1.7,0.1,158.6,0
671.0,6.98,2.3,2353.0,2.14,0.779,2.18,3M Zn(CF3SO3)2,stainless-steel mesh,1.5,1.7,0.2,127.2,0
672.0,6.98,2.3,2353.0,2.14,0.779,2.18,3M Zn(CF3SO3)2,stainless-steel mesh,1.5,1.7,0.5,112.1,0
673.0,6.98,2.3,2353.0,2.14,0.779,2.18,3M Zn(CF3SO3)2,stainless-steel mesh,1.5,1.7,1.0,104.0,0
674.0,6.98,2.3,2353.0,2.14,0.779,2.18,3M Zn(CF3SO3)2,stainless-steel mesh,1.5,1.7,2.0,99.3,0
675.0,6.98,2.3,2353.0,2.14,0.779,2.18,3M Zn(CF3SO3)2,stainless-steel mesh,1.5,1.7,5.0,91.6,0
676.0,6.98,2.3,2353.0,2.14,0.779,2.18,3M Zn(CF3SO3)2,stainless-steel mesh,1.5,1.7,10.0,86.2,0
677.0,6.98,2.3,2353.0,2.14,0.779,2.18,3M Zn(CF3SO3)2,stainless-steel mesh,1.5,1.7,20.0,81.6,0
678.0,6.98,2.3,2353.0,2.14,0.779,2.18,3M Zn(CF3SO3)2,stainless-steel mesh,1.5,1.7,40.0,76.1,0
679.0,6.98,2.3,2353.0,2.14,0.779,2.18,3M Zn(CF3SO3)2,stainless-steel mesh,1.5,1.7,50.0,73.9,0
680.0,15.55,2.61,3139.2,1.74,1.25974025974026,1.02,2M ZnSO4,graphite paper,1.0,1.6,0.1,189.4,0
681.0,15.55,2.61,3139.2,1.74,1.25974025974026,1.02,2M ZnSO4,graphite paper,1.0,1.6,0.2,155.0,0
682.0,15.55,2.61,3139.2,1.74,1.25974025974026,1.02,2M ZnSO4,graphite paper,1.0,1.6,0.5,136.6,0
683.0,15.55,2.61,3139.2,1.74,1.25974025974026,1.02,2M ZnSO4,graphite paper,1.0,1.6,1.0,126.1,0
684.0,15.55,2.61,3139.2,1.74,1.25974025974026,1.02,2M ZnSO4,graphite paper,1.0,1.6,2.0,117.1,0
685.0,15.55,2.61,3139.2,1.74,1.25974025974026,1.02,2M ZnSO4,graphite paper,1.0,1.6,3.0,112.5,0
686.0,15.55,2.61,3139.2,1.74,1.25974025974026,1.02,2M ZnSO4,graphite paper,1.0,1.6,4.0,109.3,0
687.0,15.55,2.61,3139.2,1.74,1.25974025974026,1.02,2M ZnSO4,graphite paper,1.0,1.6,5.0,106.7,0
688.0,15.55,2.61,3139.2,1.74,1.25974025974026,1.02,2M ZnSO4,graphite paper,1.0,1.6,7.0,103.6,0
689.0,15.55,2.61,3139.2,1.74,1.25974025974026,1.02,2M ZnSO4,graphite paper,1.0,1.6,10.0,100.0,0
690.0,15.55,2.61,3139.2,1.74,1.25974025974026,1.02,2M ZnSO4,graphite paper,1.0,1.6,14.0,97.2,0
691.0,15.55,2.61,3139.2,1.74,1.25974025974026,1.02,2M ZnSO4,graphite paper,1.0,1.6,20.0,94.2,0
692.0,15.55,2.61,3139.2,1.74,1.25974025974026,1.02,2M ZnSO4,graphite paper,1.0,1.6,50.0,84.2,0
693.0,15.55,2.61,3139.2,1.74,1.25974025974026,1.02,2M ZnSO4,graphite paper,1.0,1.6,70.0,66.9,0
694.0,15.55,2.61,3139.2,1.74,1.25974025974026,1.02,2M ZnSO4,graphite paper,1.0,1.6,100.0,59.4,0
695.0,12.89,3.05,3224.9,1.93,0.93,0.94,2M ZnSO4,graphite paper,1.0,1.6,0.1,225.3,0
696.0,12.89,3.05,3224.9,1.93,0.93,0.94,2M ZnSO4,graphite paper,1.0,1.6,0.2,196.8,0
697.0,12.89,3.05,3224.9,1.93,0.93,0.94,2M ZnSO4,graphite paper,1.0,1.6,0.5,174.3,0
698.0,12.89,3.05,3224.9,1.93,0.93,0.94,2M ZnSO4,graphite paper,1.0,1.6,1.0,161.1,0
699.0,12.89,3.05,3224.9,1.93,0.93,0.94,2M ZnSO4,graphite paper,1.0,1.6,2.0,150.8,0
700.0,12.89,3.05,3224.9,1.93,0.93,0.94,2M ZnSO4,graphite paper,1.0,1.6,3.0,144.4,0
701.0,12.89,3.05,3224.9,1.93,0.93,0.94,2M ZnSO4,graphite paper,1.0,1.6,4.0,141.2,0
702.0,12.89,3.05,3224.9,1.93,0.93,0.94,2M ZnSO4,graphite paper,1.0,1.6,5.0,138.6,0
703.0,12.89,3.05,3224.9,1.93,0.93,0.94,2M ZnSO4,graphite paper,1.0,1.6,7.0,134.0,0
704.0,12.89,3.05,3224.9,1.93,0.93,0.94,2M ZnSO4,graphite paper,1.0,1.6,10.0,129.3,0
705.0,12.89,3.05,3224.9,1.93,0.93,0.94,2M ZnSO4,graphite paper,1.0,1.6,14.0,124.5,0
706.0,12.89,3.05,3224.9,1.93,0.93,0.94,2M ZnSO4,graphite paper,1.0,1.6,20.0,118.7,0
707.0,12.89,3.05,3224.9,1.93,0.93,0.94,2M ZnSO4,graphite paper,1.0,1.6,50.0,103.0,0
708.0,12.89,3.05,3224.9,1.93,0.93,0.94,2M ZnSO4,graphite paper,1.0,1.6,70.0,88.8,0
709.0,12.89,3.05,3224.9,1.93,0.93,0.94,2M ZnSO4,graphite paper,1.0,1.6,100.0,73.8,0
710.0,10.45,2.44,2993.2,1.71,1.1375,0.91,2M ZnSO4,graphite paper,1.0,1.6,0.1,193.0,0
711.0,10.45,2.44,2993.2,1.71,1.1375,0.91,2M ZnSO4,graphite paper,1.0,1.6,0.2,160.1,0
712.0,10.45,2.44,2993.2,1.71,1.1375,0.91,2M ZnSO4,graphite paper,1.0,1.6,0.5,141.2,0
713.0,10.45,2.44,2993.2,1.71,1.1375,0.91,2M ZnSO4,graphite paper,1.0,1.6,1.0,129.3,0
714.0,10.45,2.44,2993.2,1.71,1.1375,0.91,2M ZnSO4,graphite paper,1.0,1.6,2.0,120.9,0
715.0,10.45,2.44,2993.2,1.71,1.1375,0.91,2M ZnSO4,graphite paper,1.0,1.6,3.0,116.7,0
716.0,10.45,2.44,2993.2,1.71,1.1375,0.91,2M ZnSO4,graphite paper,1.0,1.6,4.0,112.9,0
717.0,10.45,2.44,2993.2,1.71,1.1375,0.91,2M ZnSO4,graphite paper,1.0,1.6,5.0,110.9,0
718.0,10.45,2.44,2993.2,1.71,1.1375,0.91,2M ZnSO4,graphite paper,1.0,1.6,7.0,108.3,0
719.0,10.45,2.44,2993.2,1.71,1.1375,0.91,2M ZnSO4,graphite paper,1.0,1.6,10.0,104.5,0
720.0,10.45,2.44,2993.2,1.71,1.1375,0.91,2M ZnSO4,graphite paper,1.0,1.6,14.0,102.0,0
721.0,10.45,2.44,2993.2,1.71,1.1375,0.91,2M ZnSO4,graphite paper,1.0,1.6,20.0,99.4,0
722.0,10.45,2.44,2993.2,1.71,1.1375,0.91,2M ZnSO4,graphite paper,1.0,1.6,50.0,91.0,0
723.0,10.45,2.44,2993.2,1.71,1.1375,0.91,2M ZnSO4,graphite paper,1.0,1.6,70.0,79.4,0
724.0,10.45,2.44,2993.2,1.71,1.1375,0.91,2M ZnSO4,graphite paper,1.0,1.6,100.0,70.2,0
725.0,6.2,1.6,2691.29,1.77,0.487394957983193,1.088,2M ZnSO4,stainless-steel mesh,1.1,1.79,0.1,189.3,0
726.0,6.2,1.6,2691.29,1.77,0.487394957983193,1.088,2M ZnSO4,stainless-steel mesh,1.1,1.79,0.2,160.1,0
727.0,6.2,1.6,2691.29,1.77,0.487394957983193,1.088,2M ZnSO4,stainless-steel mesh,1.1,1.79,0.5,133.8,0
728.0,6.2,1.6,2691.29,1.77,0.487394957983193,1.088,2M ZnSO4,stainless-steel mesh,1.1,1.79,1.0,123.8,0
729.0,6.2,1.6,2691.29,1.77,0.487394957983193,1.088,2M ZnSO4,stainless-steel mesh,1.1,1.79,2.0,116.1,0
730.0,6.2,1.6,2691.29,1.77,0.487394957983193,1.088,2M ZnSO4,stainless-steel mesh,1.1,1.79,5.0,106.5,0
731.0,6.2,1.6,2691.29,1.77,0.487394957983193,1.088,2M ZnSO4,stainless-steel mesh,1.1,1.79,10.0,101.1,0
732.0,6.2,1.6,2691.29,1.77,0.487394957983193,1.088,2M ZnSO4,stainless-steel mesh,1.1,1.79,20.0,96.7,0
733.0,8.2,0.0,1500.0,0.78,2.25,1.01,1M ZnSO4,stainless-steel mesh,2.0,1.6,0.5,89.3333333333333,0
734.0,8.2,0.0,1500.0,0.78,2.25,1.01,1M ZnSO4,stainless-steel mesh,2.0,1.6,1.0,80.4444444444444,0
735.0,8.2,0.0,1500.0,0.78,2.25,1.01,1M ZnSO4,stainless-steel mesh,2.0,1.6,2.0,76.4444444444444,0
736.0,8.2,0.0,1500.0,0.78,2.25,1.01,1M ZnSO4,stainless-steel mesh,2.0,1.6,5.0,71.1111111111111,0
737.0,8.2,0.0,1500.0,0.78,2.25,1.01,1M ZnSO4,stainless-steel mesh,2.0,1.6,10.0,65.7777777777778,0
738.0,8.2,0.0,1500.0,0.78,2.25,1.01,1M ZnSO4,stainless-steel mesh,2.0,1.6,20.0,58.2222222222222,0
739.0,8.2,0.0,1500.0,0.78,2.25,1.01,1M ZnSO4,stainless-steel mesh,2.0,1.6,50.0,44.8888888888889,0
740.0,8.2,0.0,1500.0,0.78,2.25,1.01,1M ZnSO4,stainless-steel mesh,2.0,1.6,100.0,18.2222222222222,0
741.0,6.3,0.0,1886.0,0.93,2.444,1.04,1M ZnSO4,stainless-steel mesh,2.0,1.6,0.5,81.7777777777778,0
742.0,6.3,0.0,1886.0,0.93,2.444,1.04,1M ZnSO4,stainless-steel mesh,2.0,1.6,1.0,76.0,0
743.0,6.3,0.0,1886.0,0.93,2.444,1.04,1M ZnSO4,stainless-steel mesh,2.0,1.6,2.0,67.1111111111111,0
744.0,6.3,0.0,1886.0,0.93,2.444,1.04,1M ZnSO4,stainless-steel mesh,2.0,1.6,5.0,62.2222222222222,0
745.0,6.3,0.0,1886.0,0.93,2.444,1.04,1M ZnSO4,stainless-steel mesh,2.0,1.6,10.0,56.4444444444444,0
746.0,6.3,0.0,1886.0,0.93,2.444,1.04,1M ZnSO4,stainless-steel mesh,2.0,1.6,20.0,50.6666666666667,0
747.0,6.3,0.0,1886.0,0.93,2.444,1.04,1M ZnSO4,stainless-steel mesh,2.0,1.6,50.0,40.8888888888889,0
748.0,6.3,0.0,1886.0,0.93,2.444,1.04,1M ZnSO4,stainless-steel mesh,2.0,1.6,100.0,28.4444444444444,0
749.0,6.8,0.0,1410.0,0.77,1.75,1.09,1M ZnSO4,stainless-steel mesh,2.0,1.6,0.5,136.888888888889,0
750.0,6.8,0.0,1410.0,0.77,1.75,1.09,1M ZnSO4,stainless-steel mesh,2.0,1.6,1.0,113.333333333333,0
751.0,6.8,0.0,1410.0,0.77,1.75,1.09,1M ZnSO4,stainless-steel mesh,2.0,1.6,2.0,102.222222222222,0
752.0,6.8,0.0,1410.0,0.77,1.75,1.09,1M ZnSO4,stainless-steel mesh,2.0,1.6,5.0,92.4444444444444,0
753.0,6.8,0.0,1410.0,0.77,1.75,1.09,1M ZnSO4,stainless-steel mesh,2.0,1.6,10.0,85.7777777777778,0
754.0,6.8,0.0,1410.0,0.77,1.75,1.09,1M ZnSO4,stainless-steel mesh,2.0,1.6,20.0,79.1111111111111,0
755.0,6.8,0.0,1410.0,0.77,1.75,1.09,1M ZnSO4,stainless-steel mesh,2.0,1.6,50.0,72.0,0
756.0,6.8,0.0,1410.0,0.77,1.75,1.09,1M ZnSO4,stainless-steel mesh,2.0,1.6,100.0,61.7777777777778,0
757.0,4.3,0.0,1655.0,0.81,2.522,1.05,1M ZnSO4,stainless-steel mesh,2.0,1.6,0.5,73.3333333333333,0
758.0,4.3,0.0,1655.0,0.81,2.522,1.05,1M ZnSO4,stainless-steel mesh,2.0,1.6,1.0,64.4444444444444,0
759.0,4.3,0.0,1655.0,0.81,2.522,1.05,1M ZnSO4,stainless-steel mesh,2.0,1.6,2.0,59.1111111111111,0
760.0,4.3,0.0,1655.0,0.81,2.522,1.05,1M ZnSO4,stainless-steel mesh,2.0,1.6,5.0,54.6666666666667,0
761.0,4.3,0.0,1655.0,0.81,2.522,1.05,1M ZnSO4,stainless-steel mesh,2.0,1.6,10.0,51.5555555555556,0
762.0,4.3,0.0,1655.0,0.81,2.522,1.05,1M ZnSO4,stainless-steel mesh,2.0,1.6,20.0,45.3333333333333,0
763.0,4.3,0.0,1655.0,0.81,2.522,1.05,1M ZnSO4,stainless-steel mesh,2.0,1.6,50.0,41.7777777777778,0
764.0,4.3,0.0,1655.0,0.81,2.522,1.05,1M ZnSO4,stainless-steel mesh,2.0,1.6,100.0,31.5555555555556,0
765.0,11.54,0.0,2813.0,1.82,1.755,1.01,2M ZnSO4,carbon cloth,1.5,1.6,0.5,194.0,1
766.0,11.54,0.0,2813.0,1.82,1.755,1.01,2M ZnSO4,carbon cloth,1.5,1.6,1.0,172.0,1
767.0,11.54,0.0,2813.0,1.82,1.755,1.01,2M ZnSO4,carbon cloth,1.5,1.6,2.0,152.0,1
768.0,11.54,0.0,2813.0,1.82,1.755,1.01,2M ZnSO4,carbon cloth,1.5,1.6,4.0,138.0,1
769.0,11.54,0.0,2813.0,1.82,1.755,1.01,2M ZnSO4,carbon cloth,1.5,1.6,6.0,129.0,1
770.0,11.54,0.0,2813.0,1.82,1.755,1.01,2M ZnSO4,carbon cloth,1.5,1.6,8.0,123.0,1
771.0,11.54,0.0,2813.0,1.82,1.755,1.01,2M ZnSO4,carbon cloth,1.5,1.6,10.0,119.0,1
772.0,11.54,0.0,2813.0,1.82,1.755,1.01,2M ZnSO4,carbon cloth,1.5,1.6,15.0,113.0,1
773.0,11.54,0.0,2813.0,1.82,1.755,1.01,2M ZnSO4,carbon cloth,1.5,1.6,20.0,108.0,1
774.0,11.54,0.0,2813.0,1.82,1.755,1.01,2M ZnSO4,carbon cloth,1.5,1.6,30.0,102.0,1
775.0,6.15,13.57,1274.8,0.551,2.50955414012739,1.97,2M ZnSO4,stainless-steel mesh,1.0,1.6,0.5,127.5,0
776.0,6.15,13.57,1274.8,0.551,2.50955414012739,1.97,2M ZnSO4,stainless-steel mesh,1.0,1.6,1.0,117.1,0
777.0,6.15,13.57,1274.8,0.551,2.50955414012739,1.97,2M ZnSO4,stainless-steel mesh,1.0,1.6,2.0,106.8,0
778.0,6.15,13.57,1274.8,0.551,2.50955414012739,1.97,2M ZnSO4,stainless-steel mesh,1.0,1.6,5.0,87.8,0
779.0,6.15,13.57,1274.8,0.551,2.50955414012739,1.97,2M ZnSO4,stainless-steel mesh,1.0,1.6,10.0,67.9,0
780.0,6.15,13.57,1274.8,0.551,2.50955414012739,1.97,2M ZnSO4,stainless-steel mesh,1.0,1.6,20.0,42.4,0
781.0,6.15,13.57,1274.8,0.551,2.50955414012739,1.97,2M ZnSO4,stainless-steel mesh,1.0,1.6,30.0,23.9,0
782.0,6.15,13.57,1274.8,0.551,2.50955414012739,1.97,2M ZnSO4,stainless-steel mesh,1.0,1.6,60.0,17.4,0
783.0,6.82,2.11,3407.6,1.953,0.416243654822335,2.41,2M ZnSO4,stainless-steel mesh,1.0,1.6,0.5,194.4,0
784.0,6.82,2.11,3407.6,1.953,0.416243654822335,2.41,2M ZnSO4,stainless-steel mesh,1.0,1.6,1.0,178.5,0
785.0,6.82,2.11,3407.6,1.953,0.416243654822335,2.41,2M ZnSO4,stainless-steel mesh,1.0,1.6,2.0,165.5,0
786.0,6.82,2.11,3407.6,1.953,0.416243654822335,2.41,2M ZnSO4,stainless-steel mesh,1.0,1.6,5.0,147.4,0
787.0,6.82,2.11,3407.6,1.953,0.416243654822335,2.41,2M ZnSO4,stainless-steel mesh,1.0,1.6,10.0,131.8,0
788.0,6.82,2.11,3407.6,1.953,0.416243654822335,2.41,2M ZnSO4,stainless-steel mesh,1.0,1.6,20.0,113.7,0
789.0,6.82,2.11,3407.6,1.953,0.416243654822335,2.41,2M ZnSO4,stainless-steel mesh,1.0,1.6,30.0,102.5,0
790.0,6.82,2.11,3407.6,1.953,0.416243654822335,2.41,2M ZnSO4,stainless-steel mesh,1.0,1.6,60.0,77.9,0
791.0,7.48,2.67,3553.1,2.071,0.363396971691903,2.79,2M ZnSO4,stainless-steel mesh,1.0,1.6,0.5,199.1,0
792.0,7.48,2.67,3553.1,2.071,0.363396971691903,2.79,2M ZnSO4,stainless-steel mesh,1.0,1.6,1.0,183.0,0
793.0,7.48,2.67,3553.1,2.071,0.363396971691903,2.79,2M ZnSO4,stainless-steel mesh,1.0,1.6,2.0,172.4,0
794.0,7.48,2.67,3553.1,2.071,0.363396971691903,2.79,2M ZnSO4,stainless-steel mesh,1.0,1.6,5.0,159.6,0
795.0,7.48,2.67,3553.1,2.071,0.363396971691903,2.79,2M ZnSO4,stainless-steel mesh,1.0,1.6,10.0,150.3,0
796.0,7.48,2.67,3553.1,2.071,0.363396971691903,2.79,2M ZnSO4,stainless-steel mesh,1.0,1.6,20.0,139.9,0
797.0,7.48,2.67,3553.1,2.071,0.363396971691903,2.79,2M ZnSO4,stainless-steel mesh,1.0,1.6,30.0,130.1,0
798.0,7.48,2.67,3553.1,2.071,0.363396971691903,2.79,2M ZnSO4,stainless-steel mesh,1.0,1.6,60.0,118.8,0
799.0,7.48,2.67,3553.1,2.071,0.363396971691903,2.79,2M ZnSO4,stainless-steel mesh,3.0,1.6,0.5,134.3,0
800.0,7.48,2.67,3553.1,2.071,0.363396971691903,2.79,2M ZnSO4,stainless-steel mesh,5.0,1.6,0.5,112.6,0
801.0,7.48,2.67,3553.1,2.071,0.363396971691903,2.79,2M ZnSO4,stainless-steel mesh,10.0,1.6,0.5,103.4,0
802.0,7.48,2.67,3553.1,2.071,0.363396971691903,2.79,2M ZnSO4,stainless-steel mesh,20.0,1.6,0.5,94.0,0
803.0,7.48,2.67,3553.1,2.071,0.363396971691903,2.79,2M ZnSO4,stainless-steel mesh,30.0,1.6,0.5,85.3,0
804.0,7.48,2.67,3553.1,2.071,0.363396971691903,2.79,2M ZnSO4,stainless-steel mesh,45.0,1.6,0.5,73.5,0
805.0,6.93,1.98,3415.3,2.482,0.190407673860911,2.82,2M ZnSO4,stainless-steel mesh,1.0,1.6,0.5,169.3,0
806.0,6.93,1.98,3415.3,2.482,0.190407673860911,2.82,2M ZnSO4,stainless-steel mesh,1.0,1.6,1.0,155.4,0
807.0,6.93,1.98,3415.3,2.482,0.190407673860911,2.82,2M ZnSO4,stainless-steel mesh,1.0,1.6,2.0,144.7,0
808.0,6.93,1.98,3415.3,2.482,0.190407673860911,2.82,2M ZnSO4,stainless-steel mesh,1.0,1.6,5.0,134.0,0
809.0,6.93,1.98,3415.3,2.482,0.190407673860911,2.82,2M ZnSO4,stainless-steel mesh,1.0,1.6,10.0,125.7,0
810.0,6.93,1.98,3415.3,2.482,0.190407673860911,2.82,2M ZnSO4,stainless-steel mesh,1.0,1.6,20.0,118.9,0
811.0,6.93,1.98,3415.3,2.482,0.190407673860911,2.82,2M ZnSO4,stainless-steel mesh,1.0,1.6,30.0,114.5,0
812.0,6.93,1.98,3415.3,2.482,0.190407673860911,2.82,2M ZnSO4,stainless-steel mesh,1.0,1.6,60.0,105.9,0
